[2026-07-10 18:09:54,630] INFO in seed_db: Initializing database tables for seeding...
[2026-07-10 18:09:54,645] INFO in seed_db: Seeding product prices into SQLite database...
[2026-07-10 18:09:54,722] INFO in seed_db: Database seeding completed successfully.
[2026-07-10 18:10:06,163] INFO in seed_db: Initializing database tables for seeding...
[2026-07-10 18:10:06,164] INFO in seed_db: Seeding product prices into SQLite database...
[2026-07-10 18:10:06,164] INFO in seed_db: Registered: bananas -> 'Organic Bananas (Bunch)' @ Rs. 60.00
[2026-07-10 18:10:06,165] INFO in seed_db: Registered: banana -> 'Organic Bananas (Bunch)' @ Rs. 60.00
[2026-07-10 18:10:06,165] INFO in seed_db: Registered: milk -> 'Fresh Milk 1L' @ Rs. 50.00
[2026-07-10 18:10:06,166] INFO in seed_db: Registered: bread -> 'Whole Wheat Bread' @ Rs. 45.00
[2026-07-10 18:10:06,167] INFO in seed_db: Registered: cookies -> 'Chocolate Cookies (Pack)' @ Rs. 80.00
[2026-07-10 18:10:06,167] INFO in seed_db: Registered: bottle -> 'Fresh Milk 1L' @ Rs. 50.00
[2026-07-10 18:10:06,167] INFO in seed_db: Registered: apple -> 'Fresh Red Apple' @ Rs. 40.00
[2026-07-10 18:10:06,168] INFO in seed_db: Registered: orange -> 'Fresh Orange' @ Rs. 35.00
[2026-07-10 18:10:06,168] INFO in seed_db: Registered: cup -> 'Disposable Cup' @ Rs. 15.00
[2026-07-10 18:10:06,169] INFO in seed_db: Registered: sandwich -> 'Fresh Club Sandwich' @ Rs. 75.00
[2026-07-10 18:10:06,169] INFO in seed_db: Registered: pizza -> 'Large Cheese Pizza' @ Rs. 249.00
[2026-07-10 18:10:06,170] INFO in seed_db: Registered: donut -> 'Glazed Donut' @ Rs. 45.00
[2026-07-10 18:10:06,170] INFO in seed_db: Registered: cake -> 'Chocolate Cake Slice' @ Rs. 120.00
[2026-07-10 18:10:06,171] INFO in seed_db: Registered: broccoli -> 'Organic Broccoli Head' @ Rs. 55.00
[2026-07-10 18:10:06,171] INFO in seed_db: Registered: carrot -> 'Organic Carrot' @ Rs. 25.00
[2026-07-10 18:10:06,172] INFO in seed_db: Database seeding completed successfully.
[2026-07-10 18:10:19,431] INFO in __init__: Uploads directory verified: C:\Users\G.SRINATH\OneDrive\Documents\Desktop\New folder\backend\static\uploads
[2026-07-10 18:10:21,588] WARNING in detection_service: Custom YOLOv11 model 'best.pt' not found at C:\Users\G.SRINATH\OneDrive\Documents\Desktop\New folder\backend\best.pt. Falling back to pre-trained 'C:\Users\G.SRINATH\OneDrive\Documents\Desktop\New folder\backend\yolo11n.pt'. It will be downloaded automatically if not present.
[2026-07-10 18:10:23,735] INFO in detection_service: YOLOv11 model successfully loaded.
[2026-07-10 18:10:26,079] INFO in tracking_service: DeepSORT tracker initialized successfully with MobileNet embedder.
[2026-07-10 18:10:26,081] INFO in __init__: SQLite Database initialized successfully.
[2026-07-10 18:10:26,098] ERROR in error_handlers: An unhandled system exception occurred:
Traceback (most recent call last):
  File "C:\Users\G.SRINATH\AppData\Local\Programs\Python\Python310\lib\site-packages\flask\app.py", line 917, in full_dispatch_request
    rv = self.dispatch_request()
  File "C:\Users\G.SRINATH\AppData\Local\Programs\Python\Python310\lib\site-packages\flask\app.py", line 902, in dispatch_request
    return self.ensure_sync(self.view_functions[rule.endpoint])(**view_args)  # type: ignore[no-any-return]
  File "C:\Users\G.SRINATH\OneDrive\Documents\Desktop\New folder\backend\app\routes\api.py", line 250, in add_product
    db.upsert_product(data['id'], data['name'], price)
NameError: name 'db' is not defined
[2026-07-10 18:10:26,103] INFO in __init__: Uploads directory verified: C:\Users\G.SRINATH\OneDrive\Documents\Desktop\New folder\backend\static\uploads
[2026-07-10 18:10:26,104] INFO in __init__: SQLite Database initialized successfully.
[2026-07-10 18:10:26,130] INFO in checkout_service: Checkout session cart has been reset.
[2026-07-10 18:10:26,134] INFO in __init__: Uploads directory verified: C:\Users\G.SRINATH\OneDrive\Documents\Desktop\New folder\backend\static\uploads
[2026-07-10 18:10:26,135] INFO in __init__: SQLite Database initialized successfully.
[2026-07-10 18:10:26,682] INFO in __init__: Uploads directory verified: C:\Users\G.SRINATH\OneDrive\Documents\Desktop\New folder\backend\static\uploads
[2026-07-10 18:10:26,684] INFO in __init__: SQLite Database initialized successfully.
[2026-07-10 18:10:26,686] ERROR in error_handlers: An unhandled system exception occurred:
Traceback (most recent call last):
  File "C:\Users\G.SRINATH\AppData\Local\Programs\Python\Python310\lib\site-packages\flask\app.py", line 917, in full_dispatch_request
    rv = self.dispatch_request()
  File "C:\Users\G.SRINATH\AppData\Local\Programs\Python\Python310\lib\site-packages\flask\app.py", line 902, in dispatch_request
    return self.ensure_sync(self.view_functions[rule.endpoint])(**view_args)  # type: ignore[no-any-return]
  File "C:\Users\G.SRINATH\OneDrive\Documents\Desktop\New folder\backend\app\routes\api.py", line 229, in list_products
    products = db.get_all_products()
NameError: name 'db' is not defined
[2026-07-10 18:10:45,681] INFO in __init__: Uploads directory verified: C:\Users\G.SRINATH\OneDrive\Documents\Desktop\New folder\backend\static\uploads
[2026-07-10 18:10:47,748] WARNING in detection_service: Custom YOLOv11 model 'best.pt' not found at C:\Users\G.SRINATH\OneDrive\Documents\Desktop\New folder\backend\best.pt. Falling back to pre-trained 'C:\Users\G.SRINATH\OneDrive\Documents\Desktop\New folder\backend\yolo11n.pt'. It will be downloaded automatically if not present.
[2026-07-10 18:10:47,825] INFO in detection_service: YOLOv11 model successfully loaded.
[2026-07-10 18:10:48,524] INFO in tracking_service: DeepSORT tracker initialized successfully with MobileNet embedder.
[2026-07-10 18:10:48,526] INFO in __init__: SQLite Database initialized successfully.
[2026-07-10 18:10:48,532] INFO in __init__: Uploads directory verified: C:\Users\G.SRINATH\OneDrive\Documents\Desktop\New folder\backend\static\uploads
[2026-07-10 18:10:48,533] INFO in __init__: SQLite Database initialized successfully.
[2026-07-10 18:10:48,553] INFO in checkout_service: Checkout session cart has been reset.
[2026-07-10 18:10:48,556] INFO in __init__: Uploads directory verified: C:\Users\G.SRINATH\OneDrive\Documents\Desktop\New folder\backend\static\uploads
[2026-07-10 18:10:48,558] INFO in __init__: SQLite Database initialized successfully.
[2026-07-10 18:10:48,955] INFO in __init__: Uploads directory verified: C:\Users\G.SRINATH\OneDrive\Documents\Desktop\New folder\backend\static\uploads
[2026-07-10 18:10:48,957] INFO in __init__: SQLite Database initialized successfully.
[2026-07-10 18:11:07,889] INFO in __init__: Uploads directory verified: C:\Users\G.SRINATH\OneDrive\Documents\Desktop\New folder\backend\static\uploads
[2026-07-10 18:11:09,920] WARNING in detection_service: Custom YOLOv11 model 'best.pt' not found at C:\Users\G.SRINATH\OneDrive\Documents\Desktop\New folder\backend\best.pt. Falling back to pre-trained 'C:\Users\G.SRINATH\OneDrive\Documents\Desktop\New folder\backend\yolo11n.pt'. It will be downloaded automatically if not present.
[2026-07-10 18:11:09,990] INFO in detection_service: YOLOv11 model successfully loaded.
[2026-07-10 18:11:10,643] INFO in tracking_service: DeepSORT tracker initialized successfully with MobileNet embedder.
[2026-07-10 18:11:10,656] INFO in __init__: SQLite Database initialized successfully.
[2026-07-10 18:11:10,684] INFO in __init__: Uploads directory verified: C:\Users\G.SRINATH\OneDrive\Documents\Desktop\New folder\backend\static\uploads
[2026-07-10 18:11:10,696] INFO in __init__: SQLite Database initialized successfully.
[2026-07-10 18:11:10,734] INFO in checkout_service: Checkout session cart has been reset.
[2026-07-10 18:11:10,738] INFO in __init__: Uploads directory verified: C:\Users\G.SRINATH\OneDrive\Documents\Desktop\New folder\backend\static\uploads
[2026-07-10 18:11:10,751] INFO in __init__: SQLite Database initialized successfully.
[2026-07-10 18:11:11,139] INFO in __init__: Uploads directory verified: C:\Users\G.SRINATH\OneDrive\Documents\Desktop\New folder\backend\static\uploads
[2026-07-10 18:11:11,151] INFO in __init__: SQLite Database initialized successfully.
[2026-07-10 18:11:52,168] INFO in __init__: Uploads directory verified: C:\Users\G.SRINATH\OneDrive\Documents\Desktop\New folder\backend\static\uploads
[2026-07-10 18:11:54,353] WARNING in detection_service: Custom YOLOv11 model 'best.pt' not found at C:\Users\G.SRINATH\OneDrive\Documents\Desktop\New folder\backend\best.pt. Falling back to pre-trained 'C:\Users\G.SRINATH\OneDrive\Documents\Desktop\New folder\backend\yolo11n.pt'. It will be downloaded automatically if not present.
[2026-07-10 18:11:54,435] INFO in detection_service: YOLOv11 model successfully loaded.
[2026-07-10 18:11:55,186] INFO in tracking_service: DeepSORT tracker initialized successfully with MobileNet embedder.
[2026-07-10 18:11:55,188] INFO in __init__: SQLite Database initialized successfully.
[2026-07-10 18:11:55,188] INFO in run: Starting AI Smart Retail Checkout Flask Server on http://localhost:5000
[2026-07-10 18:11:55,387] INFO in __init__: Uploads directory verified: C:\Users\G.SRINATH\OneDrive\Documents\Desktop\New folder\backend\static\uploads
[2026-07-10 18:11:57,518] WARNING in detection_service: Custom YOLOv11 model 'best.pt' not found at C:\Users\G.SRINATH\OneDrive\Documents\Desktop\New folder\backend\best.pt. Falling back to pre-trained 'C:\Users\G.SRINATH\OneDrive\Documents\Desktop\New folder\backend\yolo11n.pt'. It will be downloaded automatically if not present.
[2026-07-10 18:11:57,593] INFO in detection_service: YOLOv11 model successfully loaded.
[2026-07-10 18:11:58,282] INFO in tracking_service: DeepSORT tracker initialized successfully with MobileNet embedder.
[2026-07-10 18:11:58,284] INFO in __init__: SQLite Database initialized successfully.
[2026-07-10 18:11:58,285] INFO in run: Starting AI Smart Retail Checkout Flask Server on http://localhost:5000
[2026-07-10 18:13:03,664] INFO in checkout_service: Checkout session cart has been reset.
[2026-07-10 18:13:03,723] INFO in api: Downloading demo video from https://assets.mixkit.co/videos/preview/mixkit-shopping-bag-full-of-groceries-34279-large.mp4 to C:\Users\G.SRINATH\OneDrive\Documents\Desktop\New folder\backend\static\uploads\demo.mp4...
[2026-07-10 18:13:04,588] ERROR in api: Failed to download demo video: HTTP Error 403: Forbidden
[2026-07-10 18:13:04,589] ERROR in error_handlers: API Error: Failed to download demo video: HTTP Error 403: Forbidden (Status 500)
[2026-07-10 18:13:13,869] INFO in checkout_service: Checkout session cart has been reset.
[2026-07-10 18:13:14,132] INFO in api: Downloading demo video from https://assets.mixkit.co/videos/preview/mixkit-shopping-bag-full-of-groceries-34279-large.mp4 to C:\Users\G.SRINATH\OneDrive\Documents\Desktop\New folder\backend\static\uploads\demo.mp4...
[2026-07-10 18:13:14,909] ERROR in api: Failed to download demo video: HTTP Error 403: Forbidden
[2026-07-10 18:13:14,909] ERROR in error_handlers: API Error: Failed to download demo video: HTTP Error 403: Forbidden (Status 500)
[2026-07-10 18:18:58,908] INFO in __init__: Uploads directory verified: C:\Users\G.SRINATH\OneDrive\Documents\Desktop\New folder\backend\static\uploads
[2026-07-10 18:19:00,404] WARNING in detection_service: Custom YOLOv11 model 'best.pt' not found at C:\Users\G.SRINATH\OneDrive\Documents\Desktop\New folder\backend\best.pt. Falling back to pre-trained 'C:\Users\G.SRINATH\OneDrive\Documents\Desktop\New folder\backend\yolo11n.pt'. It will be downloaded automatically if not present.
[2026-07-10 18:19:00,443] INFO in detection_service: YOLOv11 model successfully loaded.
[2026-07-10 18:19:00,633] ERROR in tracking_service: Failed to initialize deep-sort-realtime. Tracking will fall back to IoU-Centroid tracker.
Traceback (most recent call last):
  File "C:\Users\G.SRINATH\OneDrive\Documents\Desktop\New folder\backend\app\services\tracking_service.py", line 10, in __init__
    self.tracker = DeepSort(
  File "C:\Users\G.SRINATH\OneDrive\Documents\Desktop\New folder\backend\venv\lib\site-packages\deep_sort_realtime\deepsort_tracker.py", line 104, in __init__
    from deep_sort_realtime.embedder.embedder_pytorch import (
  File "C:\Users\G.SRINATH\OneDrive\Documents\Desktop\New folder\backend\venv\lib\site-packages\deep_sort_realtime\embedder\embedder_pytorch.py", line 6, in <module>
    import pkg_resources
ModuleNotFoundError: No module named 'pkg_resources'
[2026-07-10 18:19:00,636] INFO in __init__: SQLite Database initialized successfully.
[2026-07-10 18:19:00,637] INFO in run: Starting AI Smart Retail Checkout Flask Server on http://localhost:5000
[2026-07-10 18:19:00,837] INFO in __init__: Uploads directory verified: C:\Users\G.SRINATH\OneDrive\Documents\Desktop\New folder\backend\static\uploads
[2026-07-10 18:19:02,216] WARNING in detection_service: Custom YOLOv11 model 'best.pt' not found at C:\Users\G.SRINATH\OneDrive\Documents\Desktop\New folder\backend\best.pt. Falling back to pre-trained 'C:\Users\G.SRINATH\OneDrive\Documents\Desktop\New folder\backend\yolo11n.pt'. It will be downloaded automatically if not present.
[2026-07-10 18:19:02,252] INFO in detection_service: YOLOv11 model successfully loaded.
[2026-07-10 18:19:02,426] ERROR in tracking_service: Failed to initialize deep-sort-realtime. Tracking will fall back to IoU-Centroid tracker.
Traceback (most recent call last):
  File "C:\Users\G.SRINATH\OneDrive\Documents\Desktop\New folder\backend\app\services\tracking_service.py", line 10, in __init__
    self.tracker = DeepSort(
  File "C:\Users\G.SRINATH\OneDrive\Documents\Desktop\New folder\backend\venv\lib\site-packages\deep_sort_realtime\deepsort_tracker.py", line 104, in __init__
    from deep_sort_realtime.embedder.embedder_pytorch import (
  File "C:\Users\G.SRINATH\OneDrive\Documents\Desktop\New folder\backend\venv\lib\site-packages\deep_sort_realtime\embedder\embedder_pytorch.py", line 6, in <module>
    import pkg_resources
ModuleNotFoundError: No module named 'pkg_resources'
[2026-07-10 18:19:02,428] INFO in __init__: SQLite Database initialized successfully.
[2026-07-10 18:19:02,428] INFO in run: Starting AI Smart Retail Checkout Flask Server on http://localhost:5000
[2026-07-10 18:22:16,103] INFO in __init__: Uploads directory verified: C:\Users\G.SRINATH\OneDrive\Documents\Desktop\New folder\backend\static\uploads
[2026-07-10 18:22:17,489] WARNING in detection_service: Custom YOLOv11 model 'best.pt' not found at C:\Users\G.SRINATH\OneDrive\Documents\Desktop\New folder\backend\best.pt. Falling back to pre-trained 'C:\Users\G.SRINATH\OneDrive\Documents\Desktop\New folder\backend\yolo11n.pt'. It will be downloaded automatically if not present.
[2026-07-10 18:22:17,524] INFO in detection_service: YOLOv11 model successfully loaded.
[2026-07-10 18:22:17,717] ERROR in tracking_service: Failed to initialize deep-sort-realtime. Tracking will fall back to IoU-Centroid tracker.
Traceback (most recent call last):
  File "C:\Users\G.SRINATH\OneDrive\Documents\Desktop\New folder\backend\app\services\tracking_service.py", line 10, in __init__
    self.tracker = DeepSort(
  File "C:\Users\G.SRINATH\OneDrive\Documents\Desktop\New folder\backend\venv\lib\site-packages\deep_sort_realtime\deepsort_tracker.py", line 104, in __init__
    from deep_sort_realtime.embedder.embedder_pytorch import (
  File "C:\Users\G.SRINATH\OneDrive\Documents\Desktop\New folder\backend\venv\lib\site-packages\deep_sort_realtime\embedder\embedder_pytorch.py", line 6, in <module>
    import pkg_resources
ModuleNotFoundError: No module named 'pkg_resources'
[2026-07-10 18:22:17,720] INFO in __init__: SQLite Database initialized successfully.
[2026-07-10 18:22:17,720] INFO in run: Starting AI Smart Retail Checkout Flask Server on http://localhost:5000
[2026-07-10 18:22:17,922] INFO in __init__: Uploads directory verified: C:\Users\G.SRINATH\OneDrive\Documents\Desktop\New folder\backend\static\uploads
[2026-07-10 18:22:19,240] WARNING in detection_service: Custom YOLOv11 model 'best.pt' not found at C:\Users\G.SRINATH\OneDrive\Documents\Desktop\New folder\backend\best.pt. Falling back to pre-trained 'C:\Users\G.SRINATH\OneDrive\Documents\Desktop\New folder\backend\yolo11n.pt'. It will be downloaded automatically if not present.
[2026-07-10 18:22:19,271] INFO in detection_service: YOLOv11 model successfully loaded.
[2026-07-10 18:22:19,437] ERROR in tracking_service: Failed to initialize deep-sort-realtime. Tracking will fall back to IoU-Centroid tracker.
Traceback (most recent call last):
  File "C:\Users\G.SRINATH\OneDrive\Documents\Desktop\New folder\backend\app\services\tracking_service.py", line 10, in __init__
    self.tracker = DeepSort(
  File "C:\Users\G.SRINATH\OneDrive\Documents\Desktop\New folder\backend\venv\lib\site-packages\deep_sort_realtime\deepsort_tracker.py", line 104, in __init__
    from deep_sort_realtime.embedder.embedder_pytorch import (
  File "C:\Users\G.SRINATH\OneDrive\Documents\Desktop\New folder\backend\venv\lib\site-packages\deep_sort_realtime\embedder\embedder_pytorch.py", line 6, in <module>
    import pkg_resources
ModuleNotFoundError: No module named 'pkg_resources'
[2026-07-10 18:22:19,439] INFO in __init__: SQLite Database initialized successfully.
[2026-07-10 18:22:19,439] INFO in run: Starting AI Smart Retail Checkout Flask Server on http://localhost:5000
[2026-07-10 18:23:40,775] INFO in __init__: Uploads directory verified: C:\Users\G.SRINATH\OneDrive\Documents\Desktop\New folder\backend\static\uploads
[2026-07-10 18:23:42,183] WARNING in detection_service: Custom YOLOv11 model 'best.pt' not found at C:\Users\G.SRINATH\OneDrive\Documents\Desktop\New folder\backend\best.pt. Falling back to pre-trained 'C:\Users\G.SRINATH\OneDrive\Documents\Desktop\New folder\backend\yolo11n.pt'. It will be downloaded automatically if not present.
[2026-07-10 18:23:42,227] INFO in detection_service: YOLOv11 model successfully loaded.
[2026-07-10 18:23:42,410] ERROR in tracking_service: Failed to initialize deep-sort-realtime. Tracking will fall back to IoU-Centroid tracker.
Traceback (most recent call last):
  File "C:\Users\G.SRINATH\OneDrive\Documents\Desktop\New folder\backend\app\services\tracking_service.py", line 10, in __init__
    self.tracker = DeepSort(
  File "C:\Users\G.SRINATH\OneDrive\Documents\Desktop\New folder\backend\venv\lib\site-packages\deep_sort_realtime\deepsort_tracker.py", line 104, in __init__
    from deep_sort_realtime.embedder.embedder_pytorch import (
  File "C:\Users\G.SRINATH\OneDrive\Documents\Desktop\New folder\backend\venv\lib\site-packages\deep_sort_realtime\embedder\embedder_pytorch.py", line 6, in <module>
    import pkg_resources
ModuleNotFoundError: No module named 'pkg_resources'
[2026-07-10 18:23:42,412] INFO in __init__: SQLite Database initialized successfully.
[2026-07-10 18:23:42,413] INFO in run: Starting AI Smart Retail Checkout Flask Server on http://localhost:5000
[2026-07-10 18:23:42,612] INFO in __init__: Uploads directory verified: C:\Users\G.SRINATH\OneDrive\Documents\Desktop\New folder\backend\static\uploads
[2026-07-10 18:23:43,982] WARNING in detection_service: Custom YOLOv11 model 'best.pt' not found at C:\Users\G.SRINATH\OneDrive\Documents\Desktop\New folder\backend\best.pt. Falling back to pre-trained 'C:\Users\G.SRINATH\OneDrive\Documents\Desktop\New folder\backend\yolo11n.pt'. It will be downloaded automatically if not present.
[2026-07-10 18:23:44,015] INFO in detection_service: YOLOv11 model successfully loaded.
[2026-07-10 18:23:44,193] ERROR in tracking_service: Failed to initialize deep-sort-realtime. Tracking will fall back to IoU-Centroid tracker.
Traceback (most recent call last):
  File "C:\Users\G.SRINATH\OneDrive\Documents\Desktop\New folder\backend\app\services\tracking_service.py", line 10, in __init__
    self.tracker = DeepSort(
  File "C:\Users\G.SRINATH\OneDrive\Documents\Desktop\New folder\backend\venv\lib\site-packages\deep_sort_realtime\deepsort_tracker.py", line 104, in __init__
    from deep_sort_realtime.embedder.embedder_pytorch import (
  File "C:\Users\G.SRINATH\OneDrive\Documents\Desktop\New folder\backend\venv\lib\site-packages\deep_sort_realtime\embedder\embedder_pytorch.py", line 6, in <module>
    import pkg_resources
ModuleNotFoundError: No module named 'pkg_resources'
[2026-07-10 18:23:44,195] INFO in __init__: SQLite Database initialized successfully.
[2026-07-10 18:23:44,195] INFO in run: Starting AI Smart Retail Checkout Flask Server on http://localhost:5000
[2026-07-10 18:24:50,152] WARNING in error_handlers: Resource not found: 404 Not Found: The requested URL was not found on the server. If you entered the URL manually please check your spelling and try again.
[2026-07-10 18:24:50,221] WARNING in error_handlers: Resource not found: 404 Not Found: The requested URL was not found on the server. If you entered the URL manually please check your spelling and try again.
[2026-07-10 18:25:06,773] WARNING in error_handlers: Resource not found: 404 Not Found: The requested URL was not found on the server. If you entered the URL manually please check your spelling and try again.
[2026-07-10 18:25:06,814] WARNING in error_handlers: Resource not found: 404 Not Found: The requested URL was not found on the server. If you entered the URL manually please check your spelling and try again.
[2026-07-10 18:25:26,938] INFO in checkout_service: Checkout session cart has been reset.
[2026-07-10 18:25:29,863] INFO in checkout_service: Checkout session cart has been reset.
[2026-07-10 18:25:30,181] INFO in api: Downloading demo video from https://assets.mixkit.co/videos/preview/mixkit-shopping-bag-full-of-groceries-34279-large.mp4 to C:\Users\G.SRINATH\OneDrive\Documents\Desktop\New folder\backend\static\uploads\demo.mp4...
[2026-07-10 18:25:30,942] ERROR in api: Failed to download demo video: HTTP Error 403: Forbidden
[2026-07-10 18:25:30,942] ERROR in error_handlers: API Error: Failed to download demo video: HTTP Error 403: Forbidden (Status 500)
[2026-07-10 18:26:00,561] INFO in checkout_service: Checkout session cart has been reset.
[2026-07-10 18:26:24,941] INFO in checkout_service: Checkout session cart has been reset.
[2026-07-10 18:26:25,197] ERROR in error_handlers: An unhandled system exception occurred:
Traceback (most recent call last):
  File "C:\Users\G.SRINATH\AppData\Local\Programs\Python\Python310\lib\site-packages\flask\app.py", line 917, in full_dispatch_request
    rv = self.dispatch_request()
  File "C:\Users\G.SRINATH\AppData\Local\Programs\Python\Python310\lib\site-packages\flask\app.py", line 902, in dispatch_request
    return self.ensure_sync(self.view_functions[rule.endpoint])(**view_args)  # type: ignore[no-any-return]
  File "C:\Users\G.SRINATH\OneDrive\Documents\Desktop\New folder\backend\app\routes\api.py", line 37, in detect_video
    use_demo = request.form.get('use_demo') == 'true' or request.args.get('use_demo') == 'true'
  File "C:\Users\G.SRINATH\AppData\Local\Programs\Python\Python310\lib\site-packages\werkzeug\utils.py", line 100, in __get__
    value = self.fget(obj)  # type: ignore
  File "C:\Users\G.SRINATH\AppData\Local\Programs\Python\Python310\lib\site-packages\werkzeug\wrappers\request.py", line 445, in form
    self._load_form_data()
  File "C:\Users\G.SRINATH\AppData\Local\Programs\Python\Python310\lib\site-packages\flask\wrappers.py", line 198, in _load_form_data
    super()._load_form_data()
  File "C:\Users\G.SRINATH\AppData\Local\Programs\Python\Python310\lib\site-packages\werkzeug\wrappers\request.py", line 272, in _load_form_data
    self._get_stream_for_parsing(),
  File "C:\Users\G.SRINATH\AppData\Local\Programs\Python\Python310\lib\site-packages\werkzeug\wrappers\request.py", line 299, in _get_stream_for_parsing
    return self.stream
  File "C:\Users\G.SRINATH\AppData\Local\Programs\Python\Python310\lib\site-packages\werkzeug\utils.py", line 100, in __get__
    value = self.fget(obj)  # type: ignore
  File "C:\Users\G.SRINATH\AppData\Local\Programs\Python\Python310\lib\site-packages\werkzeug\wrappers\request.py", line 351, in stream
    return get_input_stream(
  File "C:\Users\G.SRINATH\AppData\Local\Programs\Python\Python310\lib\site-packages\werkzeug\wsgi.py", line 173, in get_input_stream
    raise RequestEntityTooLarge()
werkzeug.exceptions.RequestEntityTooLarge: 413 Request Entity Too Large: The data value transmitted exceeds the capacity limit.
[2026-07-10 18:29:34,793] INFO in __init__: Uploads directory verified: C:\Users\G.SRINATH\OneDrive\Documents\Desktop\New folder\backend\static\uploads
[2026-07-10 18:29:36,197] WARNING in detection_service: Custom YOLOv11 model 'best.pt' not found at C:\Users\G.SRINATH\OneDrive\Documents\Desktop\New folder\backend\best.pt. Falling back to pre-trained 'C:\Users\G.SRINATH\OneDrive\Documents\Desktop\New folder\backend\yolo11n.pt'. It will be downloaded automatically if not present.
[2026-07-10 18:29:36,227] INFO in detection_service: YOLOv11 model successfully loaded.
[2026-07-10 18:29:37,599] INFO in tracking_service: DeepSORT tracker initialized successfully with MobileNet embedder.
[2026-07-10 18:29:37,601] INFO in __init__: SQLite Database initialized successfully.
[2026-07-10 18:29:37,602] INFO in run: Starting AI Smart Retail Checkout Flask Server on http://localhost:5000
[2026-07-10 18:29:53,328] INFO in __init__: Uploads directory verified: C:\Users\G.SRINATH\OneDrive\Documents\Desktop\New folder\backend\static\uploads
[2026-07-10 18:29:54,637] WARNING in detection_service: Custom YOLOv11 model 'best.pt' not found at C:\Users\G.SRINATH\OneDrive\Documents\Desktop\New folder\backend\best.pt. Falling back to pre-trained 'C:\Users\G.SRINATH\OneDrive\Documents\Desktop\New folder\backend\yolo11n.pt'. It will be downloaded automatically if not present.
[2026-07-10 18:29:54,669] INFO in detection_service: YOLOv11 model successfully loaded.
[2026-07-10 18:29:55,994] INFO in tracking_service: DeepSORT tracker initialized successfully with MobileNet embedder.
[2026-07-10 18:29:56,006] INFO in __init__: SQLite Database initialized successfully.
[2026-07-10 18:29:56,034] INFO in __init__: Uploads directory verified: C:\Users\G.SRINATH\OneDrive\Documents\Desktop\New folder\backend\static\uploads
[2026-07-10 18:29:56,045] INFO in __init__: SQLite Database initialized successfully.
[2026-07-10 18:29:56,074] INFO in checkout_service: Checkout session cart has been reset.
[2026-07-10 18:29:56,077] INFO in __init__: Uploads directory verified: C:\Users\G.SRINATH\OneDrive\Documents\Desktop\New folder\backend\static\uploads
[2026-07-10 18:29:56,088] INFO in __init__: SQLite Database initialized successfully.
[2026-07-10 18:29:56,255] INFO in __init__: Uploads directory verified: C:\Users\G.SRINATH\OneDrive\Documents\Desktop\New folder\backend\static\uploads
[2026-07-10 18:29:56,266] INFO in __init__: SQLite Database initialized successfully.
[2026-07-10 18:30:11,658] INFO in __init__: Uploads directory verified: C:\Users\G.SRINATH\OneDrive\Documents\Desktop\New folder\backend\static\uploads
[2026-07-10 18:30:11,900] INFO in __init__: Uploads directory verified: C:\Users\G.SRINATH\OneDrive\Documents\Desktop\New folder\backend\static\uploads
[2026-07-10 18:30:13,122] WARNING in detection_service: Custom YOLOv11 model 'best.pt' not found at C:\Users\G.SRINATH\OneDrive\Documents\Desktop\New folder\backend\best.pt. Falling back to pre-trained 'C:\Users\G.SRINATH\OneDrive\Documents\Desktop\New folder\backend\yolo11n.pt'. It will be downloaded automatically if not present.
[2026-07-10 18:30:13,154] INFO in detection_service: YOLOv11 model successfully loaded.
[2026-07-10 18:30:14,496] INFO in tracking_service: DeepSORT tracker initialized successfully with MobileNet embedder.
[2026-07-10 18:30:14,498] INFO in __init__: SQLite Database initialized successfully.
[2026-07-10 18:30:14,499] INFO in run: Starting AI Smart Retail Checkout Flask Server on http://localhost:5000
[2026-07-10 18:30:14,717] WARNING in detection_service: Custom YOLOv11 model 'best.pt' not found at C:\Users\G.SRINATH\OneDrive\Documents\Desktop\New folder\backend\best.pt. Falling back to pre-trained 'C:\Users\G.SRINATH\OneDrive\Documents\Desktop\New folder\backend\yolo11n.pt'. It will be downloaded automatically if not present.
[2026-07-10 18:30:14,864] INFO in detection_service: YOLOv11 model successfully loaded.
[2026-07-10 18:30:16,479] INFO in tracking_service: DeepSORT tracker initialized successfully with MobileNet embedder.
[2026-07-10 18:30:16,482] INFO in __init__: SQLite Database initialized successfully.
[2026-07-10 18:30:16,482] INFO in run: Starting AI Smart Retail Checkout Flask Server on http://localhost:5000
[2026-07-10 18:30:23,834] INFO in __init__: Uploads directory verified: C:\Users\G.SRINATH\OneDrive\Documents\Desktop\New folder\backend\static\uploads
[2026-07-10 18:30:25,209] WARNING in detection_service: Custom YOLOv11 model 'best.pt' not found at C:\Users\G.SRINATH\OneDrive\Documents\Desktop\New folder\backend\best.pt. Falling back to pre-trained 'C:\Users\G.SRINATH\OneDrive\Documents\Desktop\New folder\backend\yolo11n.pt'. It will be downloaded automatically if not present.
[2026-07-10 18:30:25,241] INFO in detection_service: YOLOv11 model successfully loaded.
[2026-07-10 18:30:26,542] INFO in tracking_service: DeepSORT tracker initialized successfully with MobileNet embedder.
[2026-07-10 18:30:26,552] INFO in __init__: SQLite Database initialized successfully.
[2026-07-10 18:30:26,581] INFO in __init__: Uploads directory verified: C:\Users\G.SRINATH\OneDrive\Documents\Desktop\New folder\backend\static\uploads
[2026-07-10 18:30:26,593] INFO in __init__: SQLite Database initialized successfully.
[2026-07-10 18:30:26,623] INFO in checkout_service: Checkout session cart has been reset.
[2026-07-10 18:30:26,626] INFO in __init__: Uploads directory verified: C:\Users\G.SRINATH\OneDrive\Documents\Desktop\New folder\backend\static\uploads
[2026-07-10 18:30:26,638] INFO in __init__: SQLite Database initialized successfully.
[2026-07-10 18:30:26,810] INFO in __init__: Uploads directory verified: C:\Users\G.SRINATH\OneDrive\Documents\Desktop\New folder\backend\static\uploads
[2026-07-10 18:30:26,822] INFO in __init__: SQLite Database initialized successfully.
[2026-07-10 18:30:26,840] INFO in api: Downloading demo video from https://assets.mixkit.co/videos/preview/mixkit-shopping-bag-full-of-groceries-34279-large.mp4 to C:\Users\G.SRINATH\OneDrive\Documents\Desktop\New folder\backend\static\uploads\demo.mp4...
[2026-07-10 18:30:27,583] ERROR in api: Failed to download demo video: HTTP Error 403: Forbidden
[2026-07-10 18:30:27,583] ERROR in error_handlers: API Error: Failed to download demo video: HTTP Error 403: Forbidden (Status 500)
[2026-07-10 18:30:27,587] INFO in __init__: Uploads directory verified: C:\Users\G.SRINATH\OneDrive\Documents\Desktop\New folder\backend\static\uploads
[2026-07-10 18:30:27,603] INFO in __init__: SQLite Database initialized successfully.
[2026-07-10 18:30:35,535] INFO in __init__: Uploads directory verified: C:\Users\G.SRINATH\OneDrive\Documents\Desktop\New folder\backend\static\uploads
[2026-07-10 18:30:35,707] INFO in __init__: Uploads directory verified: C:\Users\G.SRINATH\OneDrive\Documents\Desktop\New folder\backend\static\uploads
[2026-07-10 18:30:37,214] WARNING in detection_service: Custom YOLOv11 model 'best.pt' not found at C:\Users\G.SRINATH\OneDrive\Documents\Desktop\New folder\backend\best.pt. Falling back to pre-trained 'C:\Users\G.SRINATH\OneDrive\Documents\Desktop\New folder\backend\yolo11n.pt'. It will be downloaded automatically if not present.
[2026-07-10 18:30:37,247] INFO in detection_service: YOLOv11 model successfully loaded.
[2026-07-10 18:30:37,723] WARNING in detection_service: Custom YOLOv11 model 'best.pt' not found at C:\Users\G.SRINATH\OneDrive\Documents\Desktop\New folder\backend\best.pt. Falling back to pre-trained 'C:\Users\G.SRINATH\OneDrive\Documents\Desktop\New folder\backend\yolo11n.pt'. It will be downloaded automatically if not present.
[2026-07-10 18:30:37,820] INFO in detection_service: YOLOv11 model successfully loaded.
[2026-07-10 18:30:38,457] INFO in tracking_service: DeepSORT tracker initialized successfully with MobileNet embedder.
[2026-07-10 18:30:38,459] INFO in __init__: SQLite Database initialized successfully.
[2026-07-10 18:30:38,460] INFO in run: Starting AI Smart Retail Checkout Flask Server on http://localhost:5000
[2026-07-10 18:30:38,642] INFO in tracking_service: DeepSORT tracker initialized successfully with MobileNet embedder.
[2026-07-10 18:30:38,644] INFO in __init__: SQLite Database initialized successfully.
[2026-07-10 18:30:38,644] INFO in run: Starting AI Smart Retail Checkout Flask Server on http://localhost:5000
[2026-07-10 18:33:07,539] INFO in __init__: Uploads directory verified: C:\Users\G.SRINATH\OneDrive\Documents\Desktop\New folder\backend\static\uploads
[2026-07-10 18:33:08,896] WARNING in detection_service: Custom YOLOv11 model 'best.pt' not found at C:\Users\G.SRINATH\OneDrive\Documents\Desktop\New folder\backend\best.pt. Falling back to pre-trained 'C:\Users\G.SRINATH\OneDrive\Documents\Desktop\New folder\backend\yolo11n.pt'. It will be downloaded automatically if not present.
[2026-07-10 18:33:08,928] INFO in detection_service: YOLOv11 model successfully loaded.
[2026-07-10 18:33:10,230] INFO in tracking_service: DeepSORT tracker initialized successfully with MobileNet embedder.
[2026-07-10 18:33:10,241] INFO in __init__: SQLite Database initialized successfully.
[2026-07-10 18:33:10,270] INFO in __init__: Uploads directory verified: C:\Users\G.SRINATH\OneDrive\Documents\Desktop\New folder\backend\static\uploads
[2026-07-10 18:33:10,281] INFO in __init__: SQLite Database initialized successfully.
[2026-07-10 18:33:10,311] INFO in checkout_service: Checkout session cart has been reset.
[2026-07-10 18:33:10,314] INFO in __init__: Uploads directory verified: C:\Users\G.SRINATH\OneDrive\Documents\Desktop\New folder\backend\static\uploads
[2026-07-10 18:33:10,325] INFO in __init__: SQLite Database initialized successfully.
[2026-07-10 18:33:10,490] INFO in __init__: Uploads directory verified: C:\Users\G.SRINATH\OneDrive\Documents\Desktop\New folder\backend\static\uploads
[2026-07-10 18:33:10,505] INFO in __init__: SQLite Database initialized successfully.
[2026-07-10 18:33:10,520] INFO in api: Downloading demo video from https://assets.mixkit.co/videos/preview/mixkit-shopping-bag-full-of-groceries-34279-large.mp4 to C:\Users\G.SRINATH\OneDrive\Documents\Desktop\New folder\backend\static\uploads\demo.mp4...
[2026-07-10 18:33:11,292] ERROR in api: Failed to download demo video: HTTP Error 403: Forbidden
[2026-07-10 18:33:11,292] ERROR in error_handlers: API Error: Failed to download demo video: HTTP Error 403: Forbidden (Status 500)
[2026-07-10 18:33:11,296] INFO in __init__: Uploads directory verified: C:\Users\G.SRINATH\OneDrive\Documents\Desktop\New folder\backend\static\uploads
[2026-07-10 18:33:11,308] INFO in __init__: SQLite Database initialized successfully.
[2026-07-10 18:33:42,021] INFO in __init__: Uploads directory verified: C:\Users\G.SRINATH\OneDrive\Documents\Desktop\New folder\backend\static\uploads
[2026-07-10 18:33:42,391] INFO in __init__: Uploads directory verified: C:\Users\G.SRINATH\OneDrive\Documents\Desktop\New folder\backend\static\uploads
[2026-07-10 18:33:43,925] WARNING in detection_service: Custom YOLOv11 model 'best.pt' not found at C:\Users\G.SRINATH\OneDrive\Documents\Desktop\New folder\backend\best.pt. Falling back to pre-trained 'C:\Users\G.SRINATH\OneDrive\Documents\Desktop\New folder\backend\yolo11n.pt'. It will be downloaded automatically if not present.
[2026-07-10 18:33:43,960] INFO in detection_service: YOLOv11 model successfully loaded.
[2026-07-10 18:33:44,303] WARNING in detection_service: Custom YOLOv11 model 'best.pt' not found at C:\Users\G.SRINATH\OneDrive\Documents\Desktop\New folder\backend\best.pt. Falling back to pre-trained 'C:\Users\G.SRINATH\OneDrive\Documents\Desktop\New folder\backend\yolo11n.pt'. It will be downloaded automatically if not present.
[2026-07-10 18:33:44,388] INFO in detection_service: YOLOv11 model successfully loaded.
[2026-07-10 18:33:45,249] INFO in tracking_service: DeepSORT tracker initialized successfully with MobileNet embedder.
[2026-07-10 18:33:45,253] INFO in __init__: SQLite Database initialized successfully.
[2026-07-10 18:33:45,253] INFO in run: Starting AI Smart Retail Checkout Flask Server on http://localhost:5000
[2026-07-10 18:33:45,556] INFO in tracking_service: DeepSORT tracker initialized successfully with MobileNet embedder.
[2026-07-10 18:33:45,559] INFO in __init__: SQLite Database initialized successfully.
[2026-07-10 18:33:45,560] INFO in run: Starting AI Smart Retail Checkout Flask Server on http://localhost:5000
[2026-07-10 18:34:09,361] INFO in __init__: Uploads directory verified: C:\Users\G.SRINATH\OneDrive\Documents\Desktop\New folder\backend\static\uploads
[2026-07-10 18:34:09,570] INFO in __init__: Uploads directory verified: C:\Users\G.SRINATH\OneDrive\Documents\Desktop\New folder\backend\static\uploads
[2026-07-10 18:34:10,838] WARNING in detection_service: Custom YOLOv11 model 'best.pt' not found at C:\Users\G.SRINATH\OneDrive\Documents\Desktop\New folder\backend\best.pt. Falling back to pre-trained 'C:\Users\G.SRINATH\OneDrive\Documents\Desktop\New folder\backend\yolo11n.pt'. It will be downloaded automatically if not present.
[2026-07-10 18:34:10,872] INFO in detection_service: YOLOv11 model successfully loaded.
[2026-07-10 18:34:11,737] WARNING in detection_service: Custom YOLOv11 model 'best.pt' not found at C:\Users\G.SRINATH\OneDrive\Documents\Desktop\New folder\backend\best.pt. Falling back to pre-trained 'C:\Users\G.SRINATH\OneDrive\Documents\Desktop\New folder\backend\yolo11n.pt'. It will be downloaded automatically if not present.
[2026-07-10 18:34:11,814] INFO in detection_service: YOLOv11 model successfully loaded.
[2026-07-10 18:34:12,299] INFO in tracking_service: DeepSORT tracker initialized successfully with MobileNet embedder.
[2026-07-10 18:34:12,302] INFO in __init__: SQLite Database initialized successfully.
[2026-07-10 18:34:12,302] INFO in run: Starting AI Smart Retail Checkout Flask Server on http://localhost:5000
[2026-07-10 18:34:12,532] INFO in tracking_service: DeepSORT tracker initialized successfully with MobileNet embedder.
[2026-07-10 18:34:12,535] INFO in __init__: SQLite Database initialized successfully.
[2026-07-10 18:34:12,535] INFO in run: Starting AI Smart Retail Checkout Flask Server on http://localhost:5000
[2026-07-10 18:34:19,647] INFO in __init__: Uploads directory verified: C:\Users\G.SRINATH\OneDrive\Documents\Desktop\New folder\backend\static\uploads
[2026-07-10 18:34:21,002] WARNING in detection_service: Custom YOLOv11 model 'best.pt' not found at C:\Users\G.SRINATH\OneDrive\Documents\Desktop\New folder\backend\best.pt. Falling back to pre-trained 'C:\Users\G.SRINATH\OneDrive\Documents\Desktop\New folder\backend\yolo11n.pt'. It will be downloaded automatically if not present.
[2026-07-10 18:34:21,034] INFO in detection_service: YOLOv11 model successfully loaded.
[2026-07-10 18:34:22,355] INFO in tracking_service: DeepSORT tracker initialized successfully with MobileNet embedder.
[2026-07-10 18:34:22,369] INFO in __init__: SQLite Database initialized successfully.
[2026-07-10 18:34:22,399] INFO in __init__: Uploads directory verified: C:\Users\G.SRINATH\OneDrive\Documents\Desktop\New folder\backend\static\uploads
[2026-07-10 18:34:22,411] INFO in __init__: SQLite Database initialized successfully.
[2026-07-10 18:34:22,441] INFO in checkout_service: Checkout session cart has been reset.
[2026-07-10 18:34:22,444] INFO in __init__: Uploads directory verified: C:\Users\G.SRINATH\OneDrive\Documents\Desktop\New folder\backend\static\uploads
[2026-07-10 18:34:22,455] INFO in __init__: SQLite Database initialized successfully.
[2026-07-10 18:34:22,631] INFO in __init__: Uploads directory verified: C:\Users\G.SRINATH\OneDrive\Documents\Desktop\New folder\backend\static\uploads
[2026-07-10 18:34:22,644] INFO in __init__: SQLite Database initialized successfully.
[2026-07-10 18:34:22,679] INFO in api: Video uploaded successfully. Saved to: C:\Users\G.SRINATH\OneDrive\Documents\Desktop\New folder\backend\static\uploads\upload_ccc77165_test_video.mp4
[2026-07-10 18:34:22,779] INFO in tracking_service: DeepSORT tracker initialized successfully with MobileNet embedder.
[2026-07-10 18:34:22,783] INFO in api: Processing video: Resolution=320x240, FPS=10.00, Total Frames=15
[2026-07-10 18:34:23,377] INFO in __init__: Uploads directory verified: C:\Users\G.SRINATH\OneDrive\Documents\Desktop\New folder\backend\static\uploads
[2026-07-10 18:34:23,393] INFO in __init__: SQLite Database initialized successfully.
[2026-07-10 18:35:28,186] INFO in checkout_service: Checkout session cart has been reset.
[2026-07-10 18:35:28,235] ERROR in error_handlers: An unhandled system exception occurred:
Traceback (most recent call last):
  File "C:\Users\G.SRINATH\AppData\Local\Programs\Python\Python310\lib\site-packages\flask\app.py", line 917, in full_dispatch_request
    rv = self.dispatch_request()
  File "C:\Users\G.SRINATH\AppData\Local\Programs\Python\Python310\lib\site-packages\flask\app.py", line 902, in dispatch_request
    return self.ensure_sync(self.view_functions[rule.endpoint])(**view_args)  # type: ignore[no-any-return]
  File "C:\Users\G.SRINATH\OneDrive\Documents\Desktop\New folder\backend\app\routes\api.py", line 37, in detect_video
    use_demo = request.form.get('use_demo') == 'true' or request.args.get('use_demo') == 'true'
  File "C:\Users\G.SRINATH\AppData\Local\Programs\Python\Python310\lib\site-packages\werkzeug\utils.py", line 100, in __get__
    value = self.fget(obj)  # type: ignore
  File "C:\Users\G.SRINATH\AppData\Local\Programs\Python\Python310\lib\site-packages\werkzeug\wrappers\request.py", line 445, in form
    self._load_form_data()
  File "C:\Users\G.SRINATH\AppData\Local\Programs\Python\Python310\lib\site-packages\flask\wrappers.py", line 198, in _load_form_data
    super()._load_form_data()
  File "C:\Users\G.SRINATH\AppData\Local\Programs\Python\Python310\lib\site-packages\werkzeug\wrappers\request.py", line 272, in _load_form_data
    self._get_stream_for_parsing(),
  File "C:\Users\G.SRINATH\AppData\Local\Programs\Python\Python310\lib\site-packages\werkzeug\wrappers\request.py", line 299, in _get_stream_for_parsing
    return self.stream
  File "C:\Users\G.SRINATH\AppData\Local\Programs\Python\Python310\lib\site-packages\werkzeug\utils.py", line 100, in __get__
    value = self.fget(obj)  # type: ignore
  File "C:\Users\G.SRINATH\AppData\Local\Programs\Python\Python310\lib\site-packages\werkzeug\wrappers\request.py", line 351, in stream
    return get_input_stream(
  File "C:\Users\G.SRINATH\AppData\Local\Programs\Python\Python310\lib\site-packages\werkzeug\wsgi.py", line 173, in get_input_stream
    raise RequestEntityTooLarge()
werkzeug.exceptions.RequestEntityTooLarge: 413 Request Entity Too Large: The data value transmitted exceeds the capacity limit.
[2026-07-10 18:41:08,245] INFO in checkout_service: Checkout session cart has been reset.
[2026-07-10 18:41:08,297] INFO in api: Video uploaded successfully. Saved to: C:\Users\G.SRINATH\OneDrive\Documents\Desktop\New folder\backend\static\uploads\upload_69e94793_WhatsApp_Video_2026-07-10_at_6.40.49_PM.mp4
[2026-07-10 18:41:08,472] INFO in tracking_service: DeepSORT tracker initialized successfully with MobileNet embedder.
[2026-07-10 18:41:08,580] INFO in api: Processing video: Resolution=480x864, FPS=19.02, Total Frames=154
[2026-07-10 18:41:10,074] ERROR in api: Error during video frame processing:
Traceback (most recent call last):
  File "C:\Users\G.SRINATH\OneDrive\Documents\Desktop\New folder\backend\app\routes\api.py", line 135, in detect_video
    tracked_items = video_tracker.update(detections, frame)
  File "C:\Users\G.SRINATH\OneDrive\Documents\Desktop\New folder\backend\app\services\tracking_service.py", line 42, in update
    return self._update_deepsort(yolo_detections, frame)
  File "C:\Users\G.SRINATH\OneDrive\Documents\Desktop\New folder\backend\app\services\tracking_service.py", line 72, in _update_deepsort
    class_name = track.get_class()
AttributeError: 'Track' object has no attribute 'get_class'
[2026-07-10 18:41:10,089] ERROR in error_handlers: API Error: Failed to process video frames: 'Track' object has no attribute 'get_class' (Status 500)
[2026-07-10 18:42:19,075] INFO in __init__: Uploads directory verified: C:\Users\G.SRINATH\OneDrive\Documents\Desktop\New folder\backend\static\uploads
[2026-07-10 18:42:19,144] INFO in __init__: Uploads directory verified: C:\Users\G.SRINATH\OneDrive\Documents\Desktop\New folder\backend\static\uploads
[2026-07-10 18:42:20,548] WARNING in detection_service: Custom YOLOv11 model 'best.pt' not found at C:\Users\G.SRINATH\OneDrive\Documents\Desktop\New folder\backend\best.pt. Falling back to pre-trained 'C:\Users\G.SRINATH\OneDrive\Documents\Desktop\New folder\backend\yolo11n.pt'. It will be downloaded automatically if not present.
[2026-07-10 18:42:20,580] INFO in detection_service: YOLOv11 model successfully loaded.
[2026-07-10 18:42:21,309] WARNING in detection_service: Custom YOLOv11 model 'best.pt' not found at C:\Users\G.SRINATH\OneDrive\Documents\Desktop\New folder\backend\best.pt. Falling back to pre-trained 'C:\Users\G.SRINATH\OneDrive\Documents\Desktop\New folder\backend\yolo11n.pt'. It will be downloaded automatically if not present.
[2026-07-10 18:42:21,383] INFO in detection_service: YOLOv11 model successfully loaded.
[2026-07-10 18:42:21,956] INFO in tracking_service: DeepSORT tracker initialized successfully with MobileNet embedder.
[2026-07-10 18:42:21,959] INFO in __init__: SQLite Database initialized successfully.
[2026-07-10 18:42:21,959] INFO in run: Starting AI Smart Retail Checkout Flask Server on http://localhost:5000
[2026-07-10 18:42:22,043] INFO in tracking_service: DeepSORT tracker initialized successfully with MobileNet embedder.
[2026-07-10 18:42:22,046] INFO in __init__: SQLite Database initialized successfully.
[2026-07-10 18:42:22,046] INFO in run: Starting AI Smart Retail Checkout Flask Server on http://localhost:5000
[2026-07-10 18:42:33,673] INFO in __init__: Uploads directory verified: C:\Users\G.SRINATH\OneDrive\Documents\Desktop\New folder\backend\static\uploads
[2026-07-10 18:42:35,087] WARNING in detection_service: Custom YOLOv11 model 'best.pt' not found at C:\Users\G.SRINATH\OneDrive\Documents\Desktop\New folder\backend\best.pt. Falling back to pre-trained 'C:\Users\G.SRINATH\OneDrive\Documents\Desktop\New folder\backend\yolo11n.pt'. It will be downloaded automatically if not present.
[2026-07-10 18:42:35,118] INFO in detection_service: YOLOv11 model successfully loaded.
[2026-07-10 18:42:36,439] INFO in tracking_service: DeepSORT tracker initialized successfully with MobileNet embedder.
[2026-07-10 18:42:36,441] INFO in __init__: SQLite Database initialized successfully.
[2026-07-10 18:42:36,441] INFO in run: Starting AI Smart Retail Checkout Flask Server on http://localhost:5000
[2026-07-10 18:42:36,624] INFO in __init__: Uploads directory verified: C:\Users\G.SRINATH\OneDrive\Documents\Desktop\New folder\backend\static\uploads
[2026-07-10 18:42:38,013] WARNING in detection_service: Custom YOLOv11 model 'best.pt' not found at C:\Users\G.SRINATH\OneDrive\Documents\Desktop\New folder\backend\best.pt. Falling back to pre-trained 'C:\Users\G.SRINATH\OneDrive\Documents\Desktop\New folder\backend\yolo11n.pt'. It will be downloaded automatically if not present.
[2026-07-10 18:42:38,044] INFO in detection_service: YOLOv11 model successfully loaded.
[2026-07-10 18:42:39,378] INFO in tracking_service: DeepSORT tracker initialized successfully with MobileNet embedder.
[2026-07-10 18:42:39,380] INFO in __init__: SQLite Database initialized successfully.
[2026-07-10 18:42:39,380] INFO in run: Starting AI Smart Retail Checkout Flask Server on http://localhost:5000
[2026-07-10 18:43:09,535] INFO in __init__: Uploads directory verified: C:\Users\G.SRINATH\OneDrive\Documents\Desktop\New folder\backend\static\uploads
[2026-07-10 18:43:10,920] WARNING in detection_service: Custom YOLOv11 model 'best.pt' not found at C:\Users\G.SRINATH\OneDrive\Documents\Desktop\New folder\backend\best.pt. Falling back to pre-trained 'C:\Users\G.SRINATH\OneDrive\Documents\Desktop\New folder\backend\yolo11n.pt'. It will be downloaded automatically if not present.
[2026-07-10 18:43:10,953] INFO in detection_service: YOLOv11 model successfully loaded.
[2026-07-10 18:43:12,282] INFO in tracking_service: DeepSORT tracker initialized successfully with MobileNet embedder.
[2026-07-10 18:43:12,294] INFO in __init__: SQLite Database initialized successfully.
[2026-07-10 18:43:12,323] INFO in __init__: Uploads directory verified: C:\Users\G.SRINATH\OneDrive\Documents\Desktop\New folder\backend\static\uploads
[2026-07-10 18:43:12,335] INFO in __init__: SQLite Database initialized successfully.
[2026-07-10 18:43:12,366] INFO in checkout_service: Checkout session cart has been reset.
[2026-07-10 18:43:12,368] INFO in __init__: Uploads directory verified: C:\Users\G.SRINATH\OneDrive\Documents\Desktop\New folder\backend\static\uploads
[2026-07-10 18:43:12,379] INFO in __init__: SQLite Database initialized successfully.
[2026-07-10 18:43:12,544] INFO in __init__: Uploads directory verified: C:\Users\G.SRINATH\OneDrive\Documents\Desktop\New folder\backend\static\uploads
[2026-07-10 18:43:12,556] INFO in __init__: SQLite Database initialized successfully.
[2026-07-10 18:43:12,586] INFO in api: Video uploaded successfully. Saved to: C:\Users\G.SRINATH\OneDrive\Documents\Desktop\New folder\backend\static\uploads\upload_12c67af3_test_video.mp4
[2026-07-10 18:43:12,665] INFO in tracking_service: DeepSORT tracker initialized successfully with MobileNet embedder.
[2026-07-10 18:43:12,668] INFO in api: Processing video: Resolution=320x240, FPS=10.00, Total Frames=15
[2026-07-10 18:43:13,215] INFO in __init__: Uploads directory verified: C:\Users\G.SRINATH\OneDrive\Documents\Desktop\New folder\backend\static\uploads
[2026-07-10 18:43:13,227] INFO in __init__: SQLite Database initialized successfully.
[2026-07-10 18:43:38,118] INFO in checkout_service: Checkout session cart has been reset.
[2026-07-10 18:43:38,194] INFO in api: Video uploaded successfully. Saved to: C:\Users\G.SRINATH\OneDrive\Documents\Desktop\New folder\backend\static\uploads\upload_1bcd03a4_WhatsApp_Video_2026-07-10_at_6.40.49_PM.mp4
[2026-07-10 18:43:38,361] INFO in tracking_service: DeepSORT tracker initialized successfully with MobileNet embedder.
[2026-07-10 18:43:38,387] INFO in api: Processing video: Resolution=480x864, FPS=19.02, Total Frames=154
[2026-07-10 18:43:39,023] INFO in checkout_service: Added to cart: Laptop (Track ID: 1)
[2026-07-10 18:43:39,056] INFO in checkout_service: Added to cart: Fresh Milk 1L (Track ID: 2)
[2026-07-10 18:43:40,684] INFO in checkout_service: Added to cart: Keyboard (Track ID: 3)
[2026-07-10 18:43:41,155] INFO in checkout_service: Added to cart: Laptop (Track ID: 4)
[2026-07-10 18:43:42,842] INFO in checkout_service: Added to cart: Dining Table (Track ID: 5)
[2026-07-10 18:43:54,492] INFO in checkout_service: Added to cart: Person (Track ID: 18)
[2026-07-10 18:43:55,115] INFO in checkout_service: Added to cart: Tv (Track ID: 21)
[2026-07-10 18:43:55,448] INFO in checkout_service: Added to cart: Person (Track ID: 22)
[2026-07-10 18:43:58,316] INFO in checkout_service: Added to cart: Fresh Milk 1L (Track ID: 36)
[2026-07-10 18:43:58,636] INFO in checkout_service: Added to cart: Refrigerator (Track ID: 38)
[2026-07-10 18:44:00,755] INFO in checkout_service: Added to cart: Person (Track ID: 42)
[2026-07-10 18:44:01,587] INFO in checkout_service: Added to cart: Keyboard (Track ID: 45)
[2026-07-10 18:44:04,202] WARNING in error_handlers: Resource not found: 404 Not Found: The requested URL was not found on the server. If you entered the URL manually please check your spelling and try again.
[2026-07-10 18:48:32,721] INFO in checkout_service: Checkout session cart has been reset.
[2026-07-10 18:48:43,492] INFO in checkout_service: Checkout session cart has been reset.
[2026-07-10 18:48:43,751] INFO in api: Video uploaded successfully. Saved to: C:\Users\G.SRINATH\OneDrive\Documents\Desktop\New folder\backend\static\uploads\upload_cacfcdd0_WhatsApp_Video_2026-07-10_at_6.48.12_PM.mp4
[2026-07-10 18:48:43,921] INFO in tracking_service: DeepSORT tracker initialized successfully with MobileNet embedder.
[2026-07-10 18:48:43,941] INFO in api: Processing video: Resolution=480x864, FPS=16.46, Total Frames=32
[2026-07-10 18:48:44,637] INFO in checkout_service: Added to cart: Fresh Milk 1L (Track ID: 1)
[2026-07-10 18:48:44,669] INFO in checkout_service: Added to cart: Fresh Milk 1L (Track ID: 2)
[2026-07-10 18:48:44,678] INFO in checkout_service: Added to cart: Fresh Milk 1L (Track ID: 3)
[2026-07-10 18:48:44,686] INFO in checkout_service: Added to cart: Fresh Milk 1L (Track ID: 4)
[2026-07-10 18:48:51,418] WARNING in error_handlers: Resource not found: 404 Not Found: The requested URL was not found on the server. If you entered the URL manually please check your spelling and try again.
[2026-07-10 18:49:33,603] INFO in checkout_service: Checkout session cart has been reset.
[2026-07-10 18:49:39,193] INFO in checkout_service: Checkout session cart has been reset.
[2026-07-10 18:49:39,461] INFO in api: Video uploaded successfully. Saved to: C:\Users\G.SRINATH\OneDrive\Documents\Desktop\New folder\backend\static\uploads\upload_07c6830a_WhatsApp_Video_2026-07-10_at_6.49.26_PM.mp4
[2026-07-10 18:49:39,639] INFO in tracking_service: DeepSORT tracker initialized successfully with MobileNet embedder.
[2026-07-10 18:49:39,661] INFO in api: Processing video: Resolution=480x864, FPS=18.44, Total Frames=60
[2026-07-10 18:49:40,278] INFO in checkout_service: Added to cart: Person (Track ID: 1)
[2026-07-10 18:49:40,311] INFO in checkout_service: Added to cart: Person (Track ID: 2)
[2026-07-10 18:49:40,564] INFO in checkout_service: Added to cart: Cell Phone (Track ID: 4)
[2026-07-10 18:49:41,174] INFO in checkout_service: Added to cart: Person (Track ID: 6)
[2026-07-10 18:49:42,097] INFO in checkout_service: Added to cart: Person (Track ID: 8)
[2026-07-10 18:49:42,501] INFO in checkout_service: Added to cart: Bed (Track ID: 9)
[2026-07-10 18:49:44,040] INFO in checkout_service: Added to cart: Fresh Milk 1L (Track ID: 12)
[2026-07-10 18:49:45,312] INFO in checkout_service: Added to cart: Fresh Milk 1L (Track ID: 17)
[2026-07-10 18:49:45,524] INFO in checkout_service: Added to cart: Fresh Milk 1L (Track ID: 18)
[2026-07-10 18:49:46,438] INFO in checkout_service: Added to cart: Book (Track ID: 19)
[2026-07-10 18:49:47,614] INFO in checkout_service: Added to cart: Person (Track ID: 24)
[2026-07-10 18:49:47,833] INFO in checkout_service: Added to cart: Bed (Track ID: 25)
[2026-07-10 18:49:48,221] INFO in checkout_service: Added to cart: Person (Track ID: 26)
[2026-07-10 18:49:49,631] WARNING in error_handlers: Resource not found: 404 Not Found: The requested URL was not found on the server. If you entered the URL manually please check your spelling and try again.
[2026-07-10 18:51:37,680] INFO in __init__: Uploads directory verified: C:\Users\G.SRINATH\OneDrive\Documents\Desktop\New folder\backend\static\uploads
[2026-07-10 18:51:37,711] INFO in __init__: Uploads directory verified: C:\Users\G.SRINATH\OneDrive\Documents\Desktop\New folder\backend\static\uploads
[2026-07-10 18:51:39,141] WARNING in detection_service: Custom YOLOv11 model 'best.pt' not found at C:\Users\G.SRINATH\OneDrive\Documents\Desktop\New folder\backend\best.pt. Falling back to pre-trained 'C:\Users\G.SRINATH\OneDrive\Documents\Desktop\New folder\backend\yolo11n.pt'. It will be downloaded automatically if not present.
[2026-07-10 18:51:39,158] WARNING in detection_service: Custom YOLOv11 model 'best.pt' not found at C:\Users\G.SRINATH\OneDrive\Documents\Desktop\New folder\backend\best.pt. Falling back to pre-trained 'C:\Users\G.SRINATH\OneDrive\Documents\Desktop\New folder\backend\yolo11n.pt'. It will be downloaded automatically if not present.
[2026-07-10 18:51:39,175] INFO in detection_service: YOLOv11 model successfully loaded.
[2026-07-10 18:51:39,191] INFO in detection_service: YOLOv11 model successfully loaded.
[2026-07-10 18:51:40,532] INFO in tracking_service: DeepSORT tracker initialized successfully (embedder=MobileNet, max_age=30, n_init=3, cosine_dist=0.30)
[2026-07-10 18:51:40,533] INFO in tracking_service: DeepSORT tracker initialized successfully (embedder=MobileNet, max_age=30, n_init=3, cosine_dist=0.30)
[2026-07-10 18:51:40,533] INFO in __init__: SQLite Database initialized successfully.
[2026-07-10 18:51:40,533] INFO in run: Starting AI Smart Retail Checkout Flask Server on http://localhost:5000
[2026-07-10 18:51:40,534] INFO in __init__: SQLite Database initialized successfully.
[2026-07-10 18:51:40,534] INFO in run: Starting AI Smart Retail Checkout Flask Server on http://localhost:5000
[2026-07-10 18:53:15,743] INFO in tracking_service: DeepSORT tracker initialized successfully (embedder=MobileNet, max_age=30, n_init=3, cosine_dist=0.30)
[2026-07-10 18:53:25,728] INFO in __init__: Uploads directory verified: C:\Users\G.SRINATH\OneDrive\Documents\Desktop\New folder\backend\static\uploads
[2026-07-10 18:53:27,055] WARNING in detection_service: Custom YOLOv11 model 'best.pt' not found at C:\Users\G.SRINATH\OneDrive\Documents\Desktop\New folder\backend\best.pt. Falling back to pre-trained 'C:\Users\G.SRINATH\OneDrive\Documents\Desktop\New folder\backend\yolo11n.pt'. It will be downloaded automatically if not present.
[2026-07-10 18:53:27,086] INFO in detection_service: YOLOv11 model successfully loaded.
[2026-07-10 18:53:28,468] INFO in tracking_service: DeepSORT tracker initialized successfully (embedder=MobileNet, max_age=30, n_init=3, cosine_dist=0.30)
[2026-07-10 18:53:28,480] INFO in __init__: SQLite Database initialized successfully.
[2026-07-10 18:53:28,509] INFO in __init__: Uploads directory verified: C:\Users\G.SRINATH\OneDrive\Documents\Desktop\New folder\backend\static\uploads
[2026-07-10 18:53:28,521] INFO in __init__: SQLite Database initialized successfully.
[2026-07-10 18:53:28,553] INFO in checkout_service: Checkout session cart has been reset.
[2026-07-10 18:53:28,556] INFO in __init__: Uploads directory verified: C:\Users\G.SRINATH\OneDrive\Documents\Desktop\New folder\backend\static\uploads
[2026-07-10 18:53:28,568] INFO in __init__: SQLite Database initialized successfully.
[2026-07-10 18:53:28,723] INFO in __init__: Uploads directory verified: C:\Users\G.SRINATH\OneDrive\Documents\Desktop\New folder\backend\static\uploads
[2026-07-10 18:53:28,735] INFO in __init__: SQLite Database initialized successfully.
[2026-07-10 18:53:28,762] INFO in api: Video uploaded successfully. Saved to: C:\Users\G.SRINATH\OneDrive\Documents\Desktop\New folder\backend\static\uploads\upload_78b29cfe_test_video.mp4
[2026-07-10 18:53:28,837] INFO in tracking_service: DeepSORT tracker initialized successfully (embedder=MobileNet, max_age=30, n_init=3, cosine_dist=0.30)
[2026-07-10 18:53:28,839] INFO in api: Processing video: Resolution=320x240, FPS=10.00, Total Frames=15
[2026-07-10 18:53:29,450] INFO in __init__: Uploads directory verified: C:\Users\G.SRINATH\OneDrive\Documents\Desktop\New folder\backend\static\uploads
[2026-07-10 18:53:29,462] INFO in __init__: SQLite Database initialized successfully.
[2026-07-10 18:53:55,886] INFO in checkout_service: Checkout session cart has been reset.
[2026-07-10 18:53:55,941] INFO in api: Video uploaded successfully. Saved to: C:\Users\G.SRINATH\OneDrive\Documents\Desktop\New folder\backend\static\uploads\upload_ef849f6a_WhatsApp_Video_2026-07-10_at_6.48.12_PM.mp4
[2026-07-10 18:53:56,136] INFO in tracking_service: DeepSORT tracker initialized successfully (embedder=MobileNet, max_age=30, n_init=3, cosine_dist=0.30)
[2026-07-10 18:53:56,169] INFO in api: Processing video: Resolution=480x864, FPS=16.46, Total Frames=32
[2026-07-10 18:53:57,059] INFO in checkout_service: Added to cart: Fresh Milk 1L (Track ID: 1)
[2026-07-10 18:53:57,091] INFO in checkout_service: Added to cart: Fresh Milk 1L (Track ID: 2)
[2026-07-10 18:53:57,098] INFO in checkout_service: Added to cart: Fresh Milk 1L (Track ID: 3)
[2026-07-10 18:53:57,106] INFO in checkout_service: Added to cart: Fresh Milk 1L (Track ID: 4)
[2026-07-10 18:54:03,856] WARNING in error_handlers: Resource not found: 404 Not Found: The requested URL was not found on the server. If you entered the URL manually please check your spelling and try again.
[2026-07-10 18:54:09,887] INFO in checkout_service: Checkout session cart has been reset.
[2026-07-10 18:54:16,045] INFO in checkout_service: Checkout session cart has been reset.
[2026-07-10 18:54:16,312] INFO in api: Video uploaded successfully. Saved to: C:\Users\G.SRINATH\OneDrive\Documents\Desktop\New folder\backend\static\uploads\upload_79153a65_WhatsApp_Video_2026-07-10_at_6.49.26_PM.mp4
[2026-07-10 18:54:16,522] INFO in tracking_service: DeepSORT tracker initialized successfully (embedder=MobileNet, max_age=30, n_init=3, cosine_dist=0.30)
[2026-07-10 18:54:16,543] INFO in api: Processing video: Resolution=480x864, FPS=18.44, Total Frames=60
[2026-07-10 18:54:17,185] INFO in checkout_service: Added to cart: Person (Track ID: 1)
[2026-07-10 18:54:17,217] INFO in checkout_service: Added to cart: Person (Track ID: 2)
[2026-07-10 18:54:17,457] INFO in checkout_service: Added to cart: Cell Phone (Track ID: 4)
[2026-07-10 18:54:18,106] INFO in checkout_service: Added to cart: Person (Track ID: 6)
[2026-07-10 18:54:19,020] INFO in checkout_service: Added to cart: Person (Track ID: 8)
[2026-07-10 18:54:19,417] INFO in checkout_service: Added to cart: Bed (Track ID: 9)
[2026-07-10 18:54:20,934] INFO in checkout_service: Added to cart: Fresh Milk 1L (Track ID: 12)
[2026-07-10 18:54:22,206] INFO in checkout_service: Added to cart: Fresh Milk 1L (Track ID: 17)
[2026-07-10 18:54:22,437] INFO in checkout_service: Added to cart: Fresh Milk 1L (Track ID: 18)
[2026-07-10 18:54:23,351] INFO in checkout_service: Added to cart: Book (Track ID: 19)
[2026-07-10 18:54:24,478] INFO in checkout_service: Added to cart: Person (Track ID: 24)
[2026-07-10 18:54:24,691] INFO in checkout_service: Added to cart: Bed (Track ID: 25)
[2026-07-10 18:54:25,090] INFO in checkout_service: Added to cart: Person (Track ID: 26)
[2026-07-10 18:54:26,455] WARNING in error_handlers: Resource not found: 404 Not Found: The requested URL was not found on the server. If you entered the URL manually please check your spelling and try again.
[2026-07-10 19:05:31,655] INFO in __init__: Uploads directory verified: C:\Users\G.SRINATH\OneDrive\Documents\Desktop\New folder\backend\static\uploads
[2026-07-10 19:05:31,718] INFO in __init__: Uploads directory verified: C:\Users\G.SRINATH\OneDrive\Documents\Desktop\New folder\backend\static\uploads
[2026-07-10 19:05:33,045] WARNING in detection_service: Custom YOLOv11 model 'best.pt' not found at C:\Users\G.SRINATH\OneDrive\Documents\Desktop\New folder\backend\best.pt. Falling back to pre-trained 'C:\Users\G.SRINATH\OneDrive\Documents\Desktop\New folder\backend\yolo11n.pt'. It will be downloaded automatically if not present.
[2026-07-10 19:05:33,076] INFO in detection_service: YOLOv11 model successfully loaded.
[2026-07-10 19:05:33,089] WARNING in detection_service: Custom YOLOv11 model 'best.pt' not found at C:\Users\G.SRINATH\OneDrive\Documents\Desktop\New folder\backend\best.pt. Falling back to pre-trained 'C:\Users\G.SRINATH\OneDrive\Documents\Desktop\New folder\backend\yolo11n.pt'. It will be downloaded automatically if not present.
[2026-07-10 19:05:33,120] INFO in detection_service: YOLOv11 model successfully loaded.
[2026-07-10 19:05:34,417] INFO in tracking_service: DeepSORT tracker initialized successfully (embedder=MobileNet, max_age=30, n_init=3, cosine_dist=0.30)
[2026-07-10 19:05:34,419] INFO in __init__: SQLite Database initialized successfully.
[2026-07-10 19:05:34,419] INFO in run: Starting AI Smart Retail Checkout Flask Server on http://localhost:5000
[2026-07-10 19:05:34,452] INFO in tracking_service: DeepSORT tracker initialized successfully (embedder=MobileNet, max_age=30, n_init=3, cosine_dist=0.30)
[2026-07-10 19:05:34,454] INFO in __init__: SQLite Database initialized successfully.
[2026-07-10 19:05:34,455] INFO in run: Starting AI Smart Retail Checkout Flask Server on http://localhost:5000
[2026-07-10 19:06:20,725] INFO in __init__: Uploads directory verified: C:\Users\G.SRINATH\OneDrive\Documents\Desktop\New folder\backend\static\uploads
[2026-07-10 19:06:20,749] INFO in __init__: Uploads directory verified: C:\Users\G.SRINATH\OneDrive\Documents\Desktop\New folder\backend\static\uploads
[2026-07-10 19:06:22,152] WARNING in detection_service: Custom YOLOv11 model 'best.pt' not found at C:\Users\G.SRINATH\OneDrive\Documents\Desktop\New folder\backend\best.pt. Falling back to pre-trained 'C:\Users\G.SRINATH\OneDrive\Documents\Desktop\New folder\backend\yolo11n.pt'. It will be downloaded automatically if not present.
[2026-07-10 19:06:22,167] WARNING in detection_service: Custom YOLOv11 model 'best.pt' not found at C:\Users\G.SRINATH\OneDrive\Documents\Desktop\New folder\backend\best.pt. Falling back to pre-trained 'C:\Users\G.SRINATH\OneDrive\Documents\Desktop\New folder\backend\yolo11n.pt'. It will be downloaded automatically if not present.
[2026-07-10 19:06:22,184] INFO in detection_service: YOLOv11 model successfully loaded.
[2026-07-10 19:06:22,198] INFO in detection_service: YOLOv11 model successfully loaded.
[2026-07-10 19:06:23,554] INFO in tracking_service: DeepSORT tracker initialized successfully (embedder=MobileNet, max_age=30, n_init=3, cosine_dist=0.30)
[2026-07-10 19:06:23,554] INFO in shopping_agent: ShoppingAgent initialized (entry_confirm=3, exit_timeout=15 frames)
[2026-07-10 19:06:23,556] INFO in __init__: SQLite Database initialized successfully.
[2026-07-10 19:06:23,556] INFO in run: Starting AI Smart Retail Checkout Flask Server on http://localhost:5000
[2026-07-10 19:06:23,587] INFO in tracking_service: DeepSORT tracker initialized successfully (embedder=MobileNet, max_age=30, n_init=3, cosine_dist=0.30)
[2026-07-10 19:06:23,588] INFO in shopping_agent: ShoppingAgent initialized (entry_confirm=3, exit_timeout=15 frames)
[2026-07-10 19:06:23,591] INFO in __init__: SQLite Database initialized successfully.
[2026-07-10 19:06:23,591] INFO in run: Starting AI Smart Retail Checkout Flask Server on http://localhost:5000
[2026-07-10 19:10:37,065] INFO in __init__: Uploads directory verified: C:\Users\G.SRINATH\OneDrive\Documents\Desktop\New folder\backend\static\uploads
[2026-07-10 19:10:38,495] WARNING in detection_service: Custom YOLOv11 model 'best.pt' not found at C:\Users\G.SRINATH\OneDrive\Documents\Desktop\New folder\backend\best.pt. Falling back to pre-trained 'C:\Users\G.SRINATH\OneDrive\Documents\Desktop\New folder\backend\yolo11n.pt'. It will be downloaded automatically if not present.
[2026-07-10 19:10:38,531] INFO in detection_service: YOLOv11 model successfully loaded.
[2026-07-10 19:10:40,156] INFO in tracking_service: DeepSORT tracker initialized successfully (embedder=MobileNet, max_age=30, n_init=3, cosine_dist=0.30)
[2026-07-10 19:10:40,157] INFO in shopping_agent: ShoppingAgent initialized (entry_confirm=3, exit_timeout=15 frames)
[2026-07-10 19:10:40,170] INFO in __init__: SQLite Database initialized successfully.
[2026-07-10 19:10:40,189] INFO in shopping_agent: ShoppingAgent initialized (entry_confirm=3, exit_timeout=15 frames)
[2026-07-10 19:10:40,215] INFO in __init__: Uploads directory verified: C:\Users\G.SRINATH\OneDrive\Documents\Desktop\New folder\backend\static\uploads
[2026-07-10 19:10:40,228] INFO in __init__: SQLite Database initialized successfully.
[2026-07-10 19:10:40,246] INFO in shopping_agent: ShoppingAgent initialized (entry_confirm=3, exit_timeout=15 frames)
[2026-07-10 19:10:40,275] INFO in __init__: Uploads directory verified: C:\Users\G.SRINATH\OneDrive\Documents\Desktop\New folder\backend\static\uploads
[2026-07-10 19:10:40,289] INFO in __init__: SQLite Database initialized successfully.
[2026-07-10 19:10:40,304] INFO in shopping_agent: ShoppingAgent initialized (entry_confirm=3, exit_timeout=15 frames)
[2026-07-10 19:10:40,320] INFO in __init__: Uploads directory verified: C:\Users\G.SRINATH\OneDrive\Documents\Desktop\New folder\backend\static\uploads
[2026-07-10 19:10:40,331] INFO in __init__: SQLite Database initialized successfully.
[2026-07-10 19:10:40,349] INFO in shopping_agent: ShoppingAgent initialized (entry_confirm=3, exit_timeout=15 frames)
[2026-07-10 19:10:40,366] INFO in __init__: Uploads directory verified: C:\Users\G.SRINATH\OneDrive\Documents\Desktop\New folder\backend\static\uploads
[2026-07-10 19:10:40,380] INFO in __init__: SQLite Database initialized successfully.
[2026-07-10 19:10:40,398] INFO in shopping_agent: ShoppingAgent initialized (entry_confirm=3, exit_timeout=15 frames)
[2026-07-10 19:10:40,431] INFO in __init__: Uploads directory verified: C:\Users\G.SRINATH\OneDrive\Documents\Desktop\New folder\backend\static\uploads
[2026-07-10 19:10:40,444] INFO in __init__: SQLite Database initialized successfully.
[2026-07-10 19:10:40,460] INFO in shopping_agent: ShoppingAgent initialized (entry_confirm=3, exit_timeout=15 frames)
[2026-07-10 19:10:40,497] INFO in __init__: Uploads directory verified: C:\Users\G.SRINATH\OneDrive\Documents\Desktop\New folder\backend\static\uploads
[2026-07-10 19:10:40,514] INFO in __init__: SQLite Database initialized successfully.
[2026-07-10 19:10:40,531] INFO in shopping_agent: ShoppingAgent initialized (entry_confirm=3, exit_timeout=15 frames)
[2026-07-10 19:10:40,585] INFO in __init__: Uploads directory verified: C:\Users\G.SRINATH\OneDrive\Documents\Desktop\New folder\backend\static\uploads
[2026-07-10 19:10:40,599] INFO in __init__: SQLite Database initialized successfully.
[2026-07-10 19:10:40,614] INFO in shopping_agent: ShoppingAgent initialized (entry_confirm=3, exit_timeout=15 frames)
[2026-07-10 19:10:40,630] INFO in shopping_agent: ShoppingAgent: basket reset — cart cleared.
[2026-07-10 19:10:40,636] INFO in __init__: Uploads directory verified: C:\Users\G.SRINATH\OneDrive\Documents\Desktop\New folder\backend\static\uploads
[2026-07-10 19:10:40,650] INFO in __init__: SQLite Database initialized successfully.
[2026-07-10 19:10:40,667] INFO in shopping_agent: ShoppingAgent initialized (entry_confirm=3, exit_timeout=15 frames)
[2026-07-10 19:10:40,699] INFO in __init__: Uploads directory verified: C:\Users\G.SRINATH\OneDrive\Documents\Desktop\New folder\backend\static\uploads
[2026-07-10 19:10:40,713] INFO in __init__: SQLite Database initialized successfully.
[2026-07-10 19:10:40,729] INFO in shopping_agent: ShoppingAgent initialized (entry_confirm=3, exit_timeout=15 frames)
[2026-07-10 19:10:40,754] INFO in __init__: Uploads directory verified: C:\Users\G.SRINATH\OneDrive\Documents\Desktop\New folder\backend\static\uploads
[2026-07-10 19:10:40,768] INFO in __init__: SQLite Database initialized successfully.
[2026-07-10 19:10:40,806] INFO in __init__: Uploads directory verified: C:\Users\G.SRINATH\OneDrive\Documents\Desktop\New folder\backend\static\uploads
[2026-07-10 19:10:40,822] INFO in __init__: SQLite Database initialized successfully.
[2026-07-10 19:10:40,864] INFO in shopping_agent: ShoppingAgent: basket reset — cart cleared.
[2026-07-10 19:10:40,873] INFO in __init__: Uploads directory verified: C:\Users\G.SRINATH\OneDrive\Documents\Desktop\New folder\backend\static\uploads
[2026-07-10 19:10:40,889] INFO in __init__: SQLite Database initialized successfully.
[2026-07-10 19:10:41,178] INFO in __init__: Uploads directory verified: C:\Users\G.SRINATH\OneDrive\Documents\Desktop\New folder\backend\static\uploads
[2026-07-10 19:10:41,192] INFO in __init__: SQLite Database initialized successfully.
[2026-07-10 19:10:41,226] INFO in api: Video saved to: C:\Users\G.SRINATH\OneDrive\Documents\Desktop\New folder\backend\static\uploads\upload_9b6e9357_test_video.mp4
[2026-07-10 19:10:41,228] INFO in api: Video: 320x240  10.00 fps  15 frames
[2026-07-10 19:10:41,388] INFO in tracking_service: DeepSORT tracker initialized successfully (embedder=MobileNet, max_age=30, n_init=3, cosine_dist=0.30)
[2026-07-10 19:10:41,388] INFO in shopping_agent: ShoppingAgent initialized (entry_confirm=3, exit_timeout=15 frames)
[2026-07-10 19:10:42,613] INFO in __init__: Uploads directory verified: C:\Users\G.SRINATH\OneDrive\Documents\Desktop\New folder\backend\static\uploads
[2026-07-10 19:10:42,626] INFO in __init__: SQLite Database initialized successfully.
[2026-07-10 19:11:29,257] INFO in shopping_agent: ShoppingAgent: basket reset — cart cleared.
[2026-07-10 19:11:44,196] INFO in shopping_agent: ShoppingAgent: basket reset — cart cleared.
[2026-07-10 19:11:44,457] INFO in api: Video saved to: C:\Users\G.SRINATH\OneDrive\Documents\Desktop\New folder\backend\static\uploads\upload_44059396_WhatsApp_Video_2026-07-10_at_6.48.12_PM.mp4
[2026-07-10 19:11:44,499] INFO in api: Video: 480x864  16.46 fps  32 frames
[2026-07-10 19:11:44,704] INFO in tracking_service: DeepSORT tracker initialized successfully (embedder=MobileNet, max_age=30, n_init=3, cosine_dist=0.30)
[2026-07-10 19:11:44,704] INFO in shopping_agent: ShoppingAgent initialized (entry_confirm=3, exit_timeout=15 frames)
[2026-07-10 19:11:51,904] WARNING in error_handlers: Resource not found: 404 Not Found: The requested URL was not found on the server. If you entered the URL manually please check your spelling and try again.
[2026-07-10 19:20:40,058] INFO in __init__: Uploads directory verified: C:\Users\G.SRINATH\OneDrive\Documents\Desktop\New folder\backend\static\uploads
[2026-07-10 19:20:40,073] INFO in __init__: Uploads directory verified: C:\Users\G.SRINATH\OneDrive\Documents\Desktop\New folder\backend\static\uploads
[2026-07-10 19:20:41,660] WARNING in detection_service: Custom YOLOv11 model 'best.pt' not found at C:\Users\G.SRINATH\OneDrive\Documents\Desktop\New folder\backend\best.pt. Falling back to pre-trained 'C:\Users\G.SRINATH\OneDrive\Documents\Desktop\New folder\backend\yolo11n.pt'. It will be downloaded automatically if not present.
[2026-07-10 19:20:41,660] WARNING in detection_service: Custom YOLOv11 model 'best.pt' not found at C:\Users\G.SRINATH\OneDrive\Documents\Desktop\New folder\backend\best.pt. Falling back to pre-trained 'C:\Users\G.SRINATH\OneDrive\Documents\Desktop\New folder\backend\yolo11n.pt'. It will be downloaded automatically if not present.
[2026-07-10 19:20:41,694] INFO in detection_service: YOLOv11 model successfully loaded.
[2026-07-10 19:20:41,694] INFO in detection_service: YOLOv11 model successfully loaded.
[2026-07-10 19:20:43,200] INFO in tracking_service: DeepSORT tracker initialized successfully (embedder=MobileNet, max_age=30, n_init=3, cosine_dist=0.30)
[2026-07-10 19:20:43,200] INFO in tracking_service: DeepSORT tracker initialized successfully (embedder=MobileNet, max_age=30, n_init=3, cosine_dist=0.30)
[2026-07-10 19:20:43,200] INFO in shopping_agent: ShoppingAgent initialized (entry_confirm=3, exit_timeout=15 frames)
[2026-07-10 19:20:43,200] INFO in shopping_agent: ShoppingAgent initialized (entry_confirm=3, exit_timeout=15 frames)
[2026-07-10 19:20:43,202] INFO in __init__: SQLite Database initialized successfully.
[2026-07-10 19:20:43,202] INFO in run: Starting AI Smart Retail Checkout Flask Server on http://localhost:5000
[2026-07-10 19:20:43,212] INFO in __init__: SQLite Database initialized successfully.
[2026-07-10 19:20:43,212] INFO in run: Starting AI Smart Retail Checkout Flask Server on http://localhost:5000
[2026-07-10 19:21:01,416] INFO in __init__: Uploads directory verified: C:\Users\G.SRINATH\OneDrive\Documents\Desktop\New folder\backend\static\uploads
[2026-07-10 19:21:01,433] INFO in __init__: Uploads directory verified: C:\Users\G.SRINATH\OneDrive\Documents\Desktop\New folder\backend\static\uploads
[2026-07-10 19:21:02,861] WARNING in detection_service: Custom YOLOv11 model 'best.pt' not found at C:\Users\G.SRINATH\OneDrive\Documents\Desktop\New folder\backend\best.pt. Falling back to pre-trained 'C:\Users\G.SRINATH\OneDrive\Documents\Desktop\New folder\backend\yolo11n.pt'. It will be downloaded automatically if not present.
[2026-07-10 19:21:02,872] WARNING in detection_service: Custom YOLOv11 model 'best.pt' not found at C:\Users\G.SRINATH\OneDrive\Documents\Desktop\New folder\backend\best.pt. Falling back to pre-trained 'C:\Users\G.SRINATH\OneDrive\Documents\Desktop\New folder\backend\yolo11n.pt'. It will be downloaded automatically if not present.
[2026-07-10 19:21:02,894] INFO in detection_service: YOLOv11 model successfully loaded.
[2026-07-10 19:21:02,907] INFO in detection_service: YOLOv11 model successfully loaded.
[2026-07-10 19:21:04,259] INFO in tracking_service: DeepSORT tracker initialized successfully (embedder=MobileNet, max_age=30, n_init=3, cosine_dist=0.30)
[2026-07-10 19:21:04,258] INFO in tracking_service: DeepSORT tracker initialized successfully (embedder=MobileNet, max_age=30, n_init=3, cosine_dist=0.30)
[2026-07-10 19:21:04,259] INFO in shopping_agent: ShoppingAgent initialized (entry_confirm=3, exit_timeout=15 frames)
[2026-07-10 19:21:04,259] INFO in shopping_agent: ShoppingAgent initialized (entry_confirm=3, exit_timeout=15 frames)
[2026-07-10 19:21:04,261] INFO in __init__: SQLite Database initialized successfully.
[2026-07-10 19:21:04,262] INFO in run: Starting AI Smart Retail Checkout Flask Server on http://localhost:5000
[2026-07-10 19:21:04,272] INFO in __init__: SQLite Database initialized successfully.
[2026-07-10 19:21:04,272] INFO in run: Starting AI Smart Retail Checkout Flask Server on http://localhost:5000
[2026-07-10 19:21:52,710] INFO in __init__: Uploads directory verified: C:\Users\G.SRINATH\OneDrive\Documents\Desktop\New folder\backend\static\uploads
[2026-07-10 19:21:52,711] INFO in __init__: Uploads directory verified: C:\Users\G.SRINATH\OneDrive\Documents\Desktop\New folder\backend\static\uploads
[2026-07-10 19:21:54,190] WARNING in detection_service: Custom YOLOv11 model 'best.pt' not found at C:\Users\G.SRINATH\OneDrive\Documents\Desktop\New folder\backend\best.pt. Falling back to pre-trained 'C:\Users\G.SRINATH\OneDrive\Documents\Desktop\New folder\backend\yolo11n.pt'. It will be downloaded automatically if not present.
[2026-07-10 19:21:54,190] WARNING in detection_service: Custom YOLOv11 model 'best.pt' not found at C:\Users\G.SRINATH\OneDrive\Documents\Desktop\New folder\backend\best.pt. Falling back to pre-trained 'C:\Users\G.SRINATH\OneDrive\Documents\Desktop\New folder\backend\yolo11n.pt'. It will be downloaded automatically if not present.
[2026-07-10 19:21:54,221] INFO in detection_service: YOLOv11 model successfully loaded.
[2026-07-10 19:21:54,221] INFO in detection_service: YOLOv11 model successfully loaded.
[2026-07-10 19:21:55,595] INFO in tracking_service: DeepSORT tracker initialized successfully (embedder=MobileNet, max_age=30, n_init=3, cosine_dist=0.30)
[2026-07-10 19:21:55,595] INFO in shopping_agent: ShoppingAgent initialized (entry_confirm=3, exit_timeout=15 frames)
[2026-07-10 19:21:55,595] INFO in tracking_service: DeepSORT tracker initialized successfully (embedder=MobileNet, max_age=30, n_init=3, cosine_dist=0.30)
[2026-07-10 19:21:55,596] INFO in shopping_agent: ShoppingAgent initialized (entry_confirm=3, exit_timeout=15 frames)
[2026-07-10 19:21:55,607] INFO in __init__: SQLite Database initialized successfully.
[2026-07-10 19:21:55,607] INFO in run: Starting AI Smart Retail Checkout Flask Server on http://localhost:5000
[2026-07-10 19:21:55,622] INFO in __init__: SQLite Database initialized successfully.
[2026-07-10 19:21:55,622] INFO in run: Starting AI Smart Retail Checkout Flask Server on http://localhost:5000
[2026-07-10 19:22:48,056] INFO in __init__: Uploads directory verified: C:\Users\G.SRINATH\OneDrive\Documents\Desktop\New folder\backend\static\uploads
[2026-07-10 19:22:49,463] WARNING in detection_service: Custom YOLOv11 model 'best.pt' not found at C:\Users\G.SRINATH\OneDrive\Documents\Desktop\New folder\backend\best.pt. Falling back to pre-trained 'C:\Users\G.SRINATH\OneDrive\Documents\Desktop\New folder\backend\yolo11n.pt'. It will be downloaded automatically if not present.
[2026-07-10 19:22:49,495] INFO in detection_service: YOLOv11 model successfully loaded.
[2026-07-10 19:22:50,941] INFO in tracking_service: DeepSORT tracker initialized successfully (embedder=MobileNet, max_age=30, n_init=3, cosine_dist=0.30)
[2026-07-10 19:22:50,942] INFO in shopping_agent: ShoppingAgent initialized (entry_confirm=3, exit_timeout=15 frames)
[2026-07-10 19:22:50,961] INFO in __init__: SQLite Database initialized successfully.
[2026-07-10 19:22:50,971] INFO in __init__: Uploads directory verified: C:\Users\G.SRINATH\OneDrive\Documents\Desktop\New folder\backend\static\uploads
[2026-07-10 19:22:50,988] INFO in __init__: SQLite Database initialized successfully.
[2026-07-10 19:22:50,994] INFO in __init__: Uploads directory verified: C:\Users\G.SRINATH\OneDrive\Documents\Desktop\New folder\backend\static\uploads
[2026-07-10 19:22:51,014] INFO in __init__: SQLite Database initialized successfully.
[2026-07-10 19:22:51,021] INFO in __init__: Uploads directory verified: C:\Users\G.SRINATH\OneDrive\Documents\Desktop\New folder\backend\static\uploads
[2026-07-10 19:22:51,039] INFO in __init__: SQLite Database initialized successfully.
[2026-07-10 19:22:51,045] INFO in __init__: Uploads directory verified: C:\Users\G.SRINATH\OneDrive\Documents\Desktop\New folder\backend\static\uploads
[2026-07-10 19:22:51,062] INFO in __init__: SQLite Database initialized successfully.
[2026-07-10 19:22:51,068] INFO in __init__: Uploads directory verified: C:\Users\G.SRINATH\OneDrive\Documents\Desktop\New folder\backend\static\uploads
[2026-07-10 19:22:51,085] INFO in __init__: SQLite Database initialized successfully.
[2026-07-10 19:22:51,090] INFO in __init__: Uploads directory verified: C:\Users\G.SRINATH\OneDrive\Documents\Desktop\New folder\backend\static\uploads
[2026-07-10 19:22:51,110] INFO in __init__: SQLite Database initialized successfully.
[2026-07-10 19:22:51,115] INFO in __init__: Uploads directory verified: C:\Users\G.SRINATH\OneDrive\Documents\Desktop\New folder\backend\static\uploads
[2026-07-10 19:22:51,134] INFO in __init__: SQLite Database initialized successfully.
[2026-07-10 19:22:51,139] INFO in __init__: Uploads directory verified: C:\Users\G.SRINATH\OneDrive\Documents\Desktop\New folder\backend\static\uploads
[2026-07-10 19:22:51,158] INFO in __init__: SQLite Database initialized successfully.
[2026-07-10 19:22:51,164] INFO in __init__: Uploads directory verified: C:\Users\G.SRINATH\OneDrive\Documents\Desktop\New folder\backend\static\uploads
[2026-07-10 19:22:51,182] INFO in __init__: SQLite Database initialized successfully.
[2026-07-10 19:22:51,187] INFO in __init__: Uploads directory verified: C:\Users\G.SRINATH\OneDrive\Documents\Desktop\New folder\backend\static\uploads
[2026-07-10 19:22:51,205] INFO in __init__: SQLite Database initialized successfully.
[2026-07-10 19:22:51,211] INFO in __init__: Uploads directory verified: C:\Users\G.SRINATH\OneDrive\Documents\Desktop\New folder\backend\static\uploads
[2026-07-10 19:22:51,230] INFO in __init__: SQLite Database initialized successfully.
[2026-07-10 19:22:51,236] INFO in __init__: Uploads directory verified: C:\Users\G.SRINATH\OneDrive\Documents\Desktop\New folder\backend\static\uploads
[2026-07-10 19:22:51,256] INFO in __init__: SQLite Database initialized successfully.
[2026-07-10 19:22:51,262] INFO in __init__: Uploads directory verified: C:\Users\G.SRINATH\OneDrive\Documents\Desktop\New folder\backend\static\uploads
[2026-07-10 19:22:51,288] INFO in __init__: SQLite Database initialized successfully.
[2026-07-10 19:22:51,298] INFO in __init__: Uploads directory verified: C:\Users\G.SRINATH\OneDrive\Documents\Desktop\New folder\backend\static\uploads
[2026-07-10 19:22:51,319] INFO in __init__: SQLite Database initialized successfully.
[2026-07-10 19:22:51,326] INFO in __init__: Uploads directory verified: C:\Users\G.SRINATH\OneDrive\Documents\Desktop\New folder\backend\static\uploads
[2026-07-10 19:22:51,344] INFO in __init__: SQLite Database initialized successfully.
[2026-07-10 19:22:51,350] INFO in __init__: Uploads directory verified: C:\Users\G.SRINATH\OneDrive\Documents\Desktop\New folder\backend\static\uploads
[2026-07-10 19:22:51,369] INFO in __init__: SQLite Database initialized successfully.
[2026-07-10 19:22:51,375] INFO in __init__: Uploads directory verified: C:\Users\G.SRINATH\OneDrive\Documents\Desktop\New folder\backend\static\uploads
[2026-07-10 19:22:51,393] INFO in __init__: SQLite Database initialized successfully.
[2026-07-10 19:22:51,399] INFO in shopping_agent: ShoppingAgent initialized (entry_confirm=3, exit_timeout=15 frames)
[2026-07-10 19:22:51,414] INFO in __init__: Uploads directory verified: C:\Users\G.SRINATH\OneDrive\Documents\Desktop\New folder\backend\static\uploads
[2026-07-10 19:22:51,433] INFO in __init__: SQLite Database initialized successfully.
[2026-07-10 19:22:51,438] INFO in shopping_agent: ShoppingAgent initialized (entry_confirm=3, exit_timeout=15 frames)
[2026-07-10 19:22:51,453] INFO in __init__: Uploads directory verified: C:\Users\G.SRINATH\OneDrive\Documents\Desktop\New folder\backend\static\uploads
[2026-07-10 19:22:51,471] INFO in __init__: SQLite Database initialized successfully.
[2026-07-10 19:22:51,476] INFO in shopping_agent: ShoppingAgent initialized (entry_confirm=3, exit_timeout=15 frames)
[2026-07-10 19:22:51,485] INFO in __init__: Uploads directory verified: C:\Users\G.SRINATH\OneDrive\Documents\Desktop\New folder\backend\static\uploads
[2026-07-10 19:22:51,503] INFO in __init__: SQLite Database initialized successfully.
[2026-07-10 19:22:51,508] INFO in shopping_agent: ShoppingAgent initialized (entry_confirm=3, exit_timeout=15 frames)
[2026-07-10 19:22:51,516] INFO in __init__: Uploads directory verified: C:\Users\G.SRINATH\OneDrive\Documents\Desktop\New folder\backend\static\uploads
[2026-07-10 19:22:51,536] INFO in __init__: SQLite Database initialized successfully.
[2026-07-10 19:22:51,541] INFO in shopping_agent: ShoppingAgent initialized (entry_confirm=3, exit_timeout=15 frames)
[2026-07-10 19:22:51,559] INFO in __init__: Uploads directory verified: C:\Users\G.SRINATH\OneDrive\Documents\Desktop\New folder\backend\static\uploads
[2026-07-10 19:22:51,578] INFO in __init__: SQLite Database initialized successfully.
[2026-07-10 19:22:51,584] INFO in shopping_agent: ShoppingAgent initialized (entry_confirm=3, exit_timeout=15 frames)
[2026-07-10 19:22:51,606] INFO in __init__: Uploads directory verified: C:\Users\G.SRINATH\OneDrive\Documents\Desktop\New folder\backend\static\uploads
[2026-07-10 19:22:51,624] INFO in __init__: SQLite Database initialized successfully.
[2026-07-10 19:22:51,631] INFO in shopping_agent: ShoppingAgent initialized (entry_confirm=3, exit_timeout=15 frames)
[2026-07-10 19:22:51,654] INFO in __init__: Uploads directory verified: C:\Users\G.SRINATH\OneDrive\Documents\Desktop\New folder\backend\static\uploads
[2026-07-10 19:22:51,672] INFO in __init__: SQLite Database initialized successfully.
[2026-07-10 19:22:51,678] INFO in shopping_agent: ShoppingAgent initialized (entry_confirm=3, exit_timeout=15 frames)
[2026-07-10 19:22:51,689] INFO in shopping_agent: ShoppingAgent: basket reset — cart cleared.
[2026-07-10 19:22:51,694] INFO in __init__: Uploads directory verified: C:\Users\G.SRINATH\OneDrive\Documents\Desktop\New folder\backend\static\uploads
[2026-07-10 19:22:51,716] INFO in __init__: SQLite Database initialized successfully.
[2026-07-10 19:22:51,724] INFO in shopping_agent: ShoppingAgent initialized (entry_confirm=3, exit_timeout=15 frames)
[2026-07-10 19:22:51,749] INFO in __init__: Uploads directory verified: C:\Users\G.SRINATH\OneDrive\Documents\Desktop\New folder\backend\static\uploads
[2026-07-10 19:22:51,768] INFO in __init__: SQLite Database initialized successfully.
[2026-07-10 19:22:51,773] INFO in shopping_agent: ShoppingAgent initialized (entry_confirm=3, exit_timeout=15 frames)
[2026-07-10 19:22:51,788] INFO in __init__: Uploads directory verified: C:\Users\G.SRINATH\OneDrive\Documents\Desktop\New folder\backend\static\uploads
[2026-07-10 19:22:51,808] INFO in __init__: SQLite Database initialized successfully.
[2026-07-10 19:22:51,826] INFO in __init__: Uploads directory verified: C:\Users\G.SRINATH\OneDrive\Documents\Desktop\New folder\backend\static\uploads
[2026-07-10 19:22:51,845] INFO in __init__: SQLite Database initialized successfully.
[2026-07-10 19:22:51,867] INFO in shopping_agent: ShoppingAgent: basket reset — cart cleared.
[2026-07-10 19:22:51,871] INFO in __init__: Uploads directory verified: C:\Users\G.SRINATH\OneDrive\Documents\Desktop\New folder\backend\static\uploads
[2026-07-10 19:22:51,890] INFO in __init__: SQLite Database initialized successfully.
[2026-07-10 19:22:52,008] INFO in __init__: Uploads directory verified: C:\Users\G.SRINATH\OneDrive\Documents\Desktop\New folder\backend\static\uploads
[2026-07-10 19:22:52,030] INFO in __init__: SQLite Database initialized successfully.
[2026-07-10 19:22:52,055] INFO in api: Video saved to: C:\Users\G.SRINATH\OneDrive\Documents\Desktop\New folder\backend\static\uploads\upload_06406c5e_test_video.mp4
[2026-07-10 19:22:52,057] INFO in api: Video: 320x240  10.00 fps  15 frames
[2026-07-10 19:22:52,147] INFO in tracking_service: DeepSORT tracker initialized successfully (embedder=MobileNet, max_age=30, n_init=3, cosine_dist=0.30)
[2026-07-10 19:22:52,147] INFO in shopping_agent: ShoppingAgent initialized (entry_confirm=3, exit_timeout=15 frames)
[2026-07-10 19:22:52,737] INFO in __init__: Uploads directory verified: C:\Users\G.SRINATH\OneDrive\Documents\Desktop\New folder\backend\static\uploads
[2026-07-10 19:22:52,757] INFO in __init__: SQLite Database initialized successfully.
[2026-07-10 19:23:14,269] INFO in __init__: Uploads directory verified: C:\Users\G.SRINATH\OneDrive\Documents\Desktop\New folder\backend\static\uploads
[2026-07-10 19:23:14,269] INFO in __init__: Uploads directory verified: C:\Users\G.SRINATH\OneDrive\Documents\Desktop\New folder\backend\static\uploads
[2026-07-10 19:23:15,738] WARNING in detection_service: Custom YOLOv11 model 'best.pt' not found at C:\Users\G.SRINATH\OneDrive\Documents\Desktop\New folder\backend\best.pt. Falling back to pre-trained 'C:\Users\G.SRINATH\OneDrive\Documents\Desktop\New folder\backend\yolo11n.pt'. It will be downloaded automatically if not present.
[2026-07-10 19:23:15,762] WARNING in detection_service: Custom YOLOv11 model 'best.pt' not found at C:\Users\G.SRINATH\OneDrive\Documents\Desktop\New folder\backend\best.pt. Falling back to pre-trained 'C:\Users\G.SRINATH\OneDrive\Documents\Desktop\New folder\backend\yolo11n.pt'. It will be downloaded automatically if not present.
[2026-07-10 19:23:15,775] INFO in detection_service: YOLOv11 model successfully loaded.
[2026-07-10 19:23:15,797] INFO in detection_service: YOLOv11 model successfully loaded.
[2026-07-10 19:23:17,176] INFO in tracking_service: DeepSORT tracker initialized successfully (embedder=MobileNet, max_age=30, n_init=3, cosine_dist=0.30)
[2026-07-10 19:23:17,177] INFO in shopping_agent: ShoppingAgent initialized (entry_confirm=3, exit_timeout=15 frames)
[2026-07-10 19:23:17,179] INFO in __init__: SQLite Database initialized successfully.
[2026-07-10 19:23:17,179] INFO in run: Starting AI Smart Retail Checkout Flask Server on http://localhost:5000
[2026-07-10 19:23:17,184] INFO in tracking_service: DeepSORT tracker initialized successfully (embedder=MobileNet, max_age=30, n_init=3, cosine_dist=0.30)
[2026-07-10 19:23:17,184] INFO in shopping_agent: ShoppingAgent initialized (entry_confirm=3, exit_timeout=15 frames)
[2026-07-10 19:23:17,187] INFO in __init__: SQLite Database initialized successfully.
[2026-07-10 19:23:17,187] INFO in run: Starting AI Smart Retail Checkout Flask Server on http://localhost:5000
[2026-07-10 19:23:23,536] INFO in __init__: Uploads directory verified: C:\Users\G.SRINATH\OneDrive\Documents\Desktop\New folder\backend\static\uploads
[2026-07-10 19:23:24,992] WARNING in detection_service: Custom YOLOv11 model 'best.pt' not found at C:\Users\G.SRINATH\OneDrive\Documents\Desktop\New folder\backend\best.pt. Falling back to pre-trained 'C:\Users\G.SRINATH\OneDrive\Documents\Desktop\New folder\backend\yolo11n.pt'. It will be downloaded automatically if not present.
[2026-07-10 19:23:25,023] INFO in detection_service: YOLOv11 model successfully loaded.
[2026-07-10 19:23:26,429] INFO in tracking_service: DeepSORT tracker initialized successfully (embedder=MobileNet, max_age=30, n_init=3, cosine_dist=0.30)
[2026-07-10 19:23:26,429] INFO in shopping_agent: ShoppingAgent initialized (entry_confirm=3, exit_timeout=15 frames)
[2026-07-10 19:23:26,449] INFO in __init__: SQLite Database initialized successfully.
[2026-07-10 19:23:26,458] INFO in __init__: Uploads directory verified: C:\Users\G.SRINATH\OneDrive\Documents\Desktop\New folder\backend\static\uploads
[2026-07-10 19:23:26,477] INFO in __init__: SQLite Database initialized successfully.
[2026-07-10 19:23:26,482] INFO in __init__: Uploads directory verified: C:\Users\G.SRINATH\OneDrive\Documents\Desktop\New folder\backend\static\uploads
[2026-07-10 19:23:26,503] INFO in __init__: SQLite Database initialized successfully.
[2026-07-10 19:23:26,509] INFO in __init__: Uploads directory verified: C:\Users\G.SRINATH\OneDrive\Documents\Desktop\New folder\backend\static\uploads
[2026-07-10 19:23:26,527] INFO in __init__: SQLite Database initialized successfully.
[2026-07-10 19:23:26,534] INFO in __init__: Uploads directory verified: C:\Users\G.SRINATH\OneDrive\Documents\Desktop\New folder\backend\static\uploads
[2026-07-10 19:23:26,553] INFO in __init__: SQLite Database initialized successfully.
[2026-07-10 19:23:26,559] INFO in __init__: Uploads directory verified: C:\Users\G.SRINATH\OneDrive\Documents\Desktop\New folder\backend\static\uploads
[2026-07-10 19:23:26,577] INFO in __init__: SQLite Database initialized successfully.
[2026-07-10 19:23:26,583] INFO in __init__: Uploads directory verified: C:\Users\G.SRINATH\OneDrive\Documents\Desktop\New folder\backend\static\uploads
[2026-07-10 19:23:26,601] INFO in __init__: SQLite Database initialized successfully.
[2026-07-10 19:23:26,607] INFO in __init__: Uploads directory verified: C:\Users\G.SRINATH\OneDrive\Documents\Desktop\New folder\backend\static\uploads
[2026-07-10 19:23:26,626] INFO in __init__: SQLite Database initialized successfully.
[2026-07-10 19:23:26,632] INFO in __init__: Uploads directory verified: C:\Users\G.SRINATH\OneDrive\Documents\Desktop\New folder\backend\static\uploads
[2026-07-10 19:23:26,651] INFO in __init__: SQLite Database initialized successfully.
[2026-07-10 19:23:26,657] INFO in __init__: Uploads directory verified: C:\Users\G.SRINATH\OneDrive\Documents\Desktop\New folder\backend\static\uploads
[2026-07-10 19:23:26,676] INFO in __init__: SQLite Database initialized successfully.
[2026-07-10 19:23:26,681] INFO in __init__: Uploads directory verified: C:\Users\G.SRINATH\OneDrive\Documents\Desktop\New folder\backend\static\uploads
[2026-07-10 19:23:26,700] INFO in __init__: SQLite Database initialized successfully.
[2026-07-10 19:23:26,705] INFO in __init__: Uploads directory verified: C:\Users\G.SRINATH\OneDrive\Documents\Desktop\New folder\backend\static\uploads
[2026-07-10 19:23:26,723] INFO in __init__: SQLite Database initialized successfully.
[2026-07-10 19:23:26,731] INFO in __init__: Uploads directory verified: C:\Users\G.SRINATH\OneDrive\Documents\Desktop\New folder\backend\static\uploads
[2026-07-10 19:23:26,751] INFO in __init__: SQLite Database initialized successfully.
[2026-07-10 19:23:26,757] INFO in __init__: Uploads directory verified: C:\Users\G.SRINATH\OneDrive\Documents\Desktop\New folder\backend\static\uploads
[2026-07-10 19:23:26,775] INFO in __init__: SQLite Database initialized successfully.
[2026-07-10 19:23:26,781] INFO in __init__: Uploads directory verified: C:\Users\G.SRINATH\OneDrive\Documents\Desktop\New folder\backend\static\uploads
[2026-07-10 19:23:26,800] INFO in __init__: SQLite Database initialized successfully.
[2026-07-10 19:23:26,805] INFO in __init__: Uploads directory verified: C:\Users\G.SRINATH\OneDrive\Documents\Desktop\New folder\backend\static\uploads
[2026-07-10 19:23:26,824] INFO in __init__: SQLite Database initialized successfully.
[2026-07-10 19:23:26,829] INFO in __init__: Uploads directory verified: C:\Users\G.SRINATH\OneDrive\Documents\Desktop\New folder\backend\static\uploads
[2026-07-10 19:23:26,847] INFO in __init__: SQLite Database initialized successfully.
[2026-07-10 19:23:26,854] INFO in __init__: Uploads directory verified: C:\Users\G.SRINATH\OneDrive\Documents\Desktop\New folder\backend\static\uploads
[2026-07-10 19:23:26,873] INFO in __init__: SQLite Database initialized successfully.
[2026-07-10 19:23:26,878] INFO in shopping_agent: ShoppingAgent initialized (entry_confirm=3, exit_timeout=15 frames)
[2026-07-10 19:23:26,894] INFO in __init__: Uploads directory verified: C:\Users\G.SRINATH\OneDrive\Documents\Desktop\New folder\backend\static\uploads
[2026-07-10 19:23:26,914] INFO in __init__: SQLite Database initialized successfully.
[2026-07-10 19:23:26,920] INFO in shopping_agent: ShoppingAgent initialized (entry_confirm=3, exit_timeout=15 frames)
[2026-07-10 19:23:26,935] INFO in __init__: Uploads directory verified: C:\Users\G.SRINATH\OneDrive\Documents\Desktop\New folder\backend\static\uploads
[2026-07-10 19:23:26,953] INFO in __init__: SQLite Database initialized successfully.
[2026-07-10 19:23:26,958] INFO in shopping_agent: ShoppingAgent initialized (entry_confirm=3, exit_timeout=15 frames)
[2026-07-10 19:23:26,967] INFO in __init__: Uploads directory verified: C:\Users\G.SRINATH\OneDrive\Documents\Desktop\New folder\backend\static\uploads
[2026-07-10 19:23:26,985] INFO in __init__: SQLite Database initialized successfully.
[2026-07-10 19:23:26,990] INFO in shopping_agent: ShoppingAgent initialized (entry_confirm=3, exit_timeout=15 frames)
[2026-07-10 19:23:26,999] INFO in __init__: Uploads directory verified: C:\Users\G.SRINATH\OneDrive\Documents\Desktop\New folder\backend\static\uploads
[2026-07-10 19:23:27,019] INFO in __init__: SQLite Database initialized successfully.
[2026-07-10 19:23:27,024] INFO in shopping_agent: ShoppingAgent initialized (entry_confirm=3, exit_timeout=15 frames)
[2026-07-10 19:23:27,046] INFO in __init__: Uploads directory verified: C:\Users\G.SRINATH\OneDrive\Documents\Desktop\New folder\backend\static\uploads
[2026-07-10 19:23:27,066] INFO in __init__: SQLite Database initialized successfully.
[2026-07-10 19:23:27,071] INFO in shopping_agent: ShoppingAgent initialized (entry_confirm=3, exit_timeout=15 frames)
[2026-07-10 19:23:27,090] INFO in __init__: Uploads directory verified: C:\Users\G.SRINATH\OneDrive\Documents\Desktop\New folder\backend\static\uploads
[2026-07-10 19:23:27,108] INFO in __init__: SQLite Database initialized successfully.
[2026-07-10 19:23:27,113] INFO in shopping_agent: ShoppingAgent initialized (entry_confirm=3, exit_timeout=15 frames)
[2026-07-10 19:23:27,136] INFO in __init__: Uploads directory verified: C:\Users\G.SRINATH\OneDrive\Documents\Desktop\New folder\backend\static\uploads
[2026-07-10 19:23:27,154] INFO in __init__: SQLite Database initialized successfully.
[2026-07-10 19:23:27,159] INFO in shopping_agent: ShoppingAgent initialized (entry_confirm=3, exit_timeout=15 frames)
[2026-07-10 19:23:27,169] INFO in shopping_agent: ShoppingAgent: basket reset — cart cleared.
[2026-07-10 19:23:27,172] INFO in __init__: Uploads directory verified: C:\Users\G.SRINATH\OneDrive\Documents\Desktop\New folder\backend\static\uploads
[2026-07-10 19:23:27,190] INFO in __init__: SQLite Database initialized successfully.
[2026-07-10 19:23:27,195] INFO in shopping_agent: ShoppingAgent initialized (entry_confirm=3, exit_timeout=15 frames)
[2026-07-10 19:23:27,215] INFO in __init__: Uploads directory verified: C:\Users\G.SRINATH\OneDrive\Documents\Desktop\New folder\backend\static\uploads
[2026-07-10 19:23:27,233] INFO in __init__: SQLite Database initialized successfully.
[2026-07-10 19:23:27,238] INFO in shopping_agent: ShoppingAgent initialized (entry_confirm=3, exit_timeout=15 frames)
[2026-07-10 19:23:27,253] INFO in __init__: Uploads directory verified: C:\Users\G.SRINATH\OneDrive\Documents\Desktop\New folder\backend\static\uploads
[2026-07-10 19:23:27,271] INFO in __init__: SQLite Database initialized successfully.
[2026-07-10 19:23:27,293] INFO in __init__: Uploads directory verified: C:\Users\G.SRINATH\OneDrive\Documents\Desktop\New folder\backend\static\uploads
[2026-07-10 19:23:27,312] INFO in __init__: SQLite Database initialized successfully.
[2026-07-10 19:23:27,334] INFO in shopping_agent: ShoppingAgent: basket reset — cart cleared.
[2026-07-10 19:23:27,338] INFO in __init__: Uploads directory verified: C:\Users\G.SRINATH\OneDrive\Documents\Desktop\New folder\backend\static\uploads
[2026-07-10 19:23:27,356] INFO in __init__: SQLite Database initialized successfully.
[2026-07-10 19:23:27,479] INFO in __init__: Uploads directory verified: C:\Users\G.SRINATH\OneDrive\Documents\Desktop\New folder\backend\static\uploads
[2026-07-10 19:23:27,500] INFO in __init__: SQLite Database initialized successfully.
[2026-07-10 19:23:27,516] INFO in api: Video saved to: C:\Users\G.SRINATH\OneDrive\Documents\Desktop\New folder\backend\static\uploads\upload_e3a1b8e7_test_video.mp4
[2026-07-10 19:23:27,518] INFO in api: Video: 320x240  10.00 fps  15 frames
[2026-07-10 19:23:27,632] INFO in tracking_service: DeepSORT tracker initialized successfully (embedder=MobileNet, max_age=30, n_init=3, cosine_dist=0.30)
[2026-07-10 19:23:27,632] INFO in shopping_agent: ShoppingAgent initialized (entry_confirm=3, exit_timeout=15 frames)
[2026-07-10 19:23:28,248] INFO in __init__: Uploads directory verified: C:\Users\G.SRINATH\OneDrive\Documents\Desktop\New folder\backend\static\uploads
[2026-07-10 19:23:28,272] INFO in __init__: SQLite Database initialized successfully.
[2026-07-10 19:24:54,782] INFO in shopping_agent: ShoppingAgent: basket reset — cart cleared.
[2026-07-10 19:24:54,824] INFO in api: Video saved to: C:\Users\G.SRINATH\OneDrive\Documents\Desktop\New folder\backend\static\uploads\upload_4c8981f4_WhatsApp_Video_2026-07-10_at_6.48.12_PM.mp4
[2026-07-10 19:24:54,868] INFO in api: Video: 480x864  16.46 fps  32 frames
[2026-07-10 19:24:55,079] INFO in tracking_service: DeepSORT tracker initialized successfully (embedder=MobileNet, max_age=30, n_init=3, cosine_dist=0.30)
[2026-07-10 19:24:55,080] INFO in shopping_agent: ShoppingAgent initialized (entry_confirm=3, exit_timeout=15 frames)
[2026-07-10 19:25:02,519] WARNING in error_handlers: Resource not found: 404 Not Found: The requested URL was not found on the server. If you entered the URL manually please check your spelling and try again.
[2026-07-10 19:27:04,909] INFO in __init__: Uploads directory verified: C:\Users\G.SRINATH\OneDrive\Documents\Desktop\New folder\backend\static\uploads
[2026-07-10 19:27:06,323] WARNING in detection_service: Custom YOLOv11 model 'best.pt' not found at C:\Users\G.SRINATH\OneDrive\Documents\Desktop\New folder\backend\best.pt. Falling back to pre-trained 'C:\Users\G.SRINATH\OneDrive\Documents\Desktop\New folder\backend\yolo11n.pt'. It will be downloaded automatically if not present.
[2026-07-10 19:27:06,354] INFO in detection_service: YOLOv11 model successfully loaded.
[2026-07-10 19:27:07,711] INFO in tracking_service: DeepSORT tracker initialized successfully (embedder=MobileNet, max_age=30, n_init=3, cosine_dist=0.30)
[2026-07-10 19:27:07,711] INFO in shopping_agent: ShoppingAgent initialized (entry_confirm=3, exit_timeout=15 frames)
[2026-07-10 19:27:07,713] INFO in __init__: SQLite Database initialized successfully.
[2026-07-10 19:27:07,714] INFO in shopping_agent: ShoppingAgent initialized (entry_confirm=3, exit_timeout=15 frames)
[2026-07-10 19:27:42,725] INFO in shopping_agent: ShoppingAgent: basket reset — cart cleared.
[2026-07-10 19:27:42,770] INFO in api: Video saved to: C:\Users\G.SRINATH\OneDrive\Documents\Desktop\New folder\backend\static\uploads\upload_a6311126_WhatsApp_Video_2026-07-10_at_6.48.12_PM.mp4
[2026-07-10 19:27:42,798] INFO in api: Video: 480x864  16.46 fps  32 frames
[2026-07-10 19:27:43,062] INFO in tracking_service: DeepSORT tracker initialized successfully (embedder=MobileNet, max_age=30, n_init=3, cosine_dist=0.30)
[2026-07-10 19:27:43,062] INFO in shopping_agent: ShoppingAgent initialized (entry_confirm=3, exit_timeout=15 frames)
[2026-07-10 19:27:50,114] WARNING in error_handlers: Resource not found: 404 Not Found: The requested URL was not found on the server. If you entered the URL manually please check your spelling and try again.
[2026-07-10 19:27:56,490] INFO in shopping_agent: ShoppingAgent: basket reset — cart cleared.
[2026-07-10 19:28:22,735] INFO in shopping_agent: ShoppingAgent: basket reset — cart cleared.
[2026-07-10 19:28:23,015] INFO in api: Video saved to: C:\Users\G.SRINATH\OneDrive\Documents\Desktop\New folder\backend\static\uploads\upload_ad3dd9b7_WhatsApp_Video_2026-07-10_at_6.40.49_PM.mp4
[2026-07-10 19:28:23,064] INFO in api: Video: 480x864  19.02 fps  154 frames
[2026-07-10 19:28:23,284] INFO in tracking_service: DeepSORT tracker initialized successfully (embedder=MobileNet, max_age=30, n_init=3, cosine_dist=0.30)
[2026-07-10 19:28:23,284] INFO in shopping_agent: ShoppingAgent initialized (entry_confirm=3, exit_timeout=15 frames)
[2026-07-10 19:28:47,638] WARNING in error_handlers: Resource not found: 404 Not Found: The requested URL was not found on the server. If you entered the URL manually please check your spelling and try again.
[2026-07-10 19:31:59,093] INFO in shopping_agent: ShoppingAgent: basket reset — cart cleared.
[2026-07-10 19:31:59,147] INFO in api: Video saved to: C:\Users\G.SRINATH\OneDrive\Documents\Desktop\New folder\backend\static\uploads\upload_d270df2d_WhatsApp_Video_2026-07-10_at_6.48.12_PM.mp4
[2026-07-10 19:31:59,184] INFO in api: Video: 480x864  16.46 fps  32 frames
[2026-07-10 19:31:59,381] INFO in tracking_service: DeepSORT tracker initialized successfully (embedder=MobileNet, max_age=30, n_init=3, cosine_dist=0.30)
[2026-07-10 19:31:59,381] INFO in shopping_agent: ShoppingAgent initialized (entry_confirm=3, exit_timeout=15 frames)
[2026-07-10 19:32:05,558] WARNING in error_handlers: Resource not found: 404 Not Found: The requested URL was not found on the server. If you entered the URL manually please check your spelling and try again.
[2026-07-10 19:36:07,556] INFO in __init__: Uploads directory verified: C:\Users\G.SRINATH\OneDrive\Documents\Desktop\New folder\backend\static\uploads
[2026-07-10 19:36:07,571] INFO in __init__: Uploads directory verified: C:\Users\G.SRINATH\OneDrive\Documents\Desktop\New folder\backend\static\uploads
[2026-07-10 19:36:09,015] WARNING in detection_service: Custom YOLOv11 model 'best.pt' not found at C:\Users\G.SRINATH\OneDrive\Documents\Desktop\New folder\backend\best.pt. Falling back to pre-trained 'C:\Users\G.SRINATH\OneDrive\Documents\Desktop\New folder\backend\yolo11n.pt'. It will be downloaded automatically if not present.
[2026-07-10 19:36:09,025] WARNING in detection_service: Custom YOLOv11 model 'best.pt' not found at C:\Users\G.SRINATH\OneDrive\Documents\Desktop\New folder\backend\best.pt. Falling back to pre-trained 'C:\Users\G.SRINATH\OneDrive\Documents\Desktop\New folder\backend\yolo11n.pt'. It will be downloaded automatically if not present.
[2026-07-10 19:36:09,048] INFO in detection_service: YOLOv11 model successfully loaded.
[2026-07-10 19:36:09,060] INFO in detection_service: YOLOv11 model successfully loaded.
[2026-07-10 19:36:10,431] INFO in tracking_service: DeepSORT tracker initialized successfully (embedder=MobileNet, max_age=30, n_init=3, cosine_dist=0.30)
[2026-07-10 19:36:10,431] INFO in shopping_agent: ShoppingAgent initialized (entry_confirm=3, exit_timeout=15 frames)
[2026-07-10 19:36:10,431] INFO in tracking_service: DeepSORT tracker initialized successfully (embedder=MobileNet, max_age=30, n_init=3, cosine_dist=0.30)
[2026-07-10 19:36:10,431] INFO in shopping_agent: ShoppingAgent initialized (entry_confirm=3, exit_timeout=15 frames)
[2026-07-10 19:36:10,447] INFO in __init__: SQLite Database initialized successfully.
[2026-07-10 19:36:10,448] INFO in run: Starting AI Smart Retail Checkout Flask Server on http://localhost:5000
[2026-07-10 19:36:10,448] INFO in __init__: SQLite Database initialized successfully.
[2026-07-10 19:36:10,448] INFO in run: Starting AI Smart Retail Checkout Flask Server on http://localhost:5000
[2026-07-10 19:36:49,094] INFO in __init__: Uploads directory verified: C:\Users\G.SRINATH\OneDrive\Documents\Desktop\New folder\backend\static\uploads
[2026-07-10 19:36:50,553] WARNING in detection_service: Custom YOLOv11 model 'best.pt' not found at C:\Users\G.SRINATH\OneDrive\Documents\Desktop\New folder\backend\best.pt. Falling back to pre-trained 'C:\Users\G.SRINATH\OneDrive\Documents\Desktop\New folder\backend\yolo11n.pt'. It will be downloaded automatically if not present.
[2026-07-10 19:36:50,586] INFO in detection_service: YOLOv11 model successfully loaded.
[2026-07-10 19:36:51,995] INFO in tracking_service: DeepSORT tracker initialized successfully (embedder=MobileNet, max_age=30, n_init=3, cosine_dist=0.30)
[2026-07-10 19:36:51,996] INFO in shopping_agent: ShoppingAgent initialized (entry_confirm=3, exit_timeout=15 frames)
[2026-07-10 19:36:52,026] INFO in __init__: SQLite Database initialized successfully.
[2026-07-10 19:36:52,036] INFO in __init__: Uploads directory verified: C:\Users\G.SRINATH\OneDrive\Documents\Desktop\New folder\backend\static\uploads
[2026-07-10 19:36:52,058] INFO in __init__: SQLite Database initialized successfully.
[2026-07-10 19:36:52,064] INFO in __init__: Uploads directory verified: C:\Users\G.SRINATH\OneDrive\Documents\Desktop\New folder\backend\static\uploads
[2026-07-10 19:36:52,085] INFO in __init__: SQLite Database initialized successfully.
[2026-07-10 19:36:52,091] INFO in __init__: Uploads directory verified: C:\Users\G.SRINATH\OneDrive\Documents\Desktop\New folder\backend\static\uploads
[2026-07-10 19:36:52,110] INFO in __init__: SQLite Database initialized successfully.
[2026-07-10 19:36:52,118] INFO in __init__: Uploads directory verified: C:\Users\G.SRINATH\OneDrive\Documents\Desktop\New folder\backend\static\uploads
[2026-07-10 19:36:52,137] INFO in __init__: SQLite Database initialized successfully.
[2026-07-10 19:36:52,143] INFO in __init__: Uploads directory verified: C:\Users\G.SRINATH\OneDrive\Documents\Desktop\New folder\backend\static\uploads
[2026-07-10 19:36:52,161] INFO in __init__: SQLite Database initialized successfully.
[2026-07-10 19:36:52,166] INFO in __init__: Uploads directory verified: C:\Users\G.SRINATH\OneDrive\Documents\Desktop\New folder\backend\static\uploads
[2026-07-10 19:36:52,185] INFO in __init__: SQLite Database initialized successfully.
[2026-07-10 19:36:52,191] INFO in __init__: Uploads directory verified: C:\Users\G.SRINATH\OneDrive\Documents\Desktop\New folder\backend\static\uploads
[2026-07-10 19:36:52,210] INFO in __init__: SQLite Database initialized successfully.
[2026-07-10 19:36:52,215] INFO in __init__: Uploads directory verified: C:\Users\G.SRINATH\OneDrive\Documents\Desktop\New folder\backend\static\uploads
[2026-07-10 19:36:52,233] INFO in __init__: SQLite Database initialized successfully.
[2026-07-10 19:36:52,239] INFO in __init__: Uploads directory verified: C:\Users\G.SRINATH\OneDrive\Documents\Desktop\New folder\backend\static\uploads
[2026-07-10 19:36:52,258] INFO in __init__: SQLite Database initialized successfully.
[2026-07-10 19:36:52,263] INFO in __init__: Uploads directory verified: C:\Users\G.SRINATH\OneDrive\Documents\Desktop\New folder\backend\static\uploads
[2026-07-10 19:36:52,282] INFO in __init__: SQLite Database initialized successfully.
[2026-07-10 19:36:52,288] INFO in __init__: Uploads directory verified: C:\Users\G.SRINATH\OneDrive\Documents\Desktop\New folder\backend\static\uploads
[2026-07-10 19:36:52,308] INFO in __init__: SQLite Database initialized successfully.
[2026-07-10 19:36:52,315] INFO in __init__: Uploads directory verified: C:\Users\G.SRINATH\OneDrive\Documents\Desktop\New folder\backend\static\uploads
[2026-07-10 19:36:52,334] INFO in __init__: SQLite Database initialized successfully.
[2026-07-10 19:36:52,341] INFO in __init__: Uploads directory verified: C:\Users\G.SRINATH\OneDrive\Documents\Desktop\New folder\backend\static\uploads
[2026-07-10 19:36:52,359] INFO in __init__: SQLite Database initialized successfully.
[2026-07-10 19:36:52,367] INFO in __init__: Uploads directory verified: C:\Users\G.SRINATH\OneDrive\Documents\Desktop\New folder\backend\static\uploads
[2026-07-10 19:36:52,387] INFO in __init__: SQLite Database initialized successfully.
[2026-07-10 19:36:52,393] INFO in __init__: Uploads directory verified: C:\Users\G.SRINATH\OneDrive\Documents\Desktop\New folder\backend\static\uploads
[2026-07-10 19:36:52,413] INFO in __init__: SQLite Database initialized successfully.
[2026-07-10 19:36:52,419] INFO in __init__: Uploads directory verified: C:\Users\G.SRINATH\OneDrive\Documents\Desktop\New folder\backend\static\uploads
[2026-07-10 19:36:52,438] INFO in __init__: SQLite Database initialized successfully.
[2026-07-10 19:37:20,614] INFO in shopping_agent: ShoppingAgent: basket reset — cart cleared.
[2026-07-10 19:37:20,661] INFO in api: Video saved to: C:\Users\G.SRINATH\OneDrive\Documents\Desktop\New folder\backend\static\uploads\upload_53ef0795_WhatsApp_Video_2026-07-10_at_6.48.12_PM.mp4
[2026-07-10 19:37:20,687] INFO in api: Video: 480x864  16.46 fps  32 frames
[2026-07-10 19:37:20,852] INFO in tracking_service: DeepSORT tracker initialized successfully (embedder=MobileNet, max_age=30, n_init=3, cosine_dist=0.30)
[2026-07-10 19:37:20,853] INFO in shopping_agent: ShoppingAgent initialized (entry_confirm=3, exit_timeout=15 frames)
[2026-07-10 19:37:27,643] WARNING in error_handlers: Resource not found: 404 Not Found: The requested URL was not found on the server. If you entered the URL manually please check your spelling and try again.
[2026-07-10 19:37:40,858] INFO in shopping_agent: ShoppingAgent: basket reset — cart cleared.
[2026-07-10 19:37:41,121] INFO in api: Video saved to: C:\Users\G.SRINATH\OneDrive\Documents\Desktop\New folder\backend\static\uploads\upload_c9e748bd_WhatsApp_Video_2026-07-10_at_6.48.12_PM.mp4
[2026-07-10 19:37:41,142] INFO in api: Video: 480x864  16.46 fps  32 frames
[2026-07-10 19:37:41,371] INFO in tracking_service: DeepSORT tracker initialized successfully (embedder=MobileNet, max_age=30, n_init=3, cosine_dist=0.30)
[2026-07-10 19:37:41,372] INFO in shopping_agent: ShoppingAgent initialized (entry_confirm=3, exit_timeout=15 frames)
[2026-07-10 19:37:47,338] WARNING in error_handlers: Resource not found: 404 Not Found: The requested URL was not found on the server. If you entered the URL manually please check your spelling and try again.
[2026-07-10 19:38:31,974] INFO in shopping_agent: ShoppingAgent: basket reset — cart cleared.
[2026-07-10 19:38:32,231] INFO in api: Video saved to: C:\Users\G.SRINATH\OneDrive\Documents\Desktop\New folder\backend\static\uploads\upload_e9ceada0_WhatsApp_Video_2026-07-10_at_6.48.12_PM.mp4
[2026-07-10 19:38:32,251] INFO in api: Video: 480x864  16.46 fps  32 frames
[2026-07-10 19:38:32,446] INFO in tracking_service: DeepSORT tracker initialized successfully (embedder=MobileNet, max_age=30, n_init=3, cosine_dist=0.30)
[2026-07-10 19:38:32,446] INFO in shopping_agent: ShoppingAgent initialized (entry_confirm=3, exit_timeout=15 frames)
[2026-07-10 19:38:38,709] WARNING in error_handlers: Resource not found: 404 Not Found: The requested URL was not found on the server. If you entered the URL manually please check your spelling and try again.
[2026-07-10 19:40:55,031] INFO in shopping_agent: ShoppingAgent: basket reset — cart cleared.
[2026-07-10 19:40:55,078] INFO in api: Video saved to: C:\Users\G.SRINATH\OneDrive\Documents\Desktop\New folder\backend\static\uploads\upload_87f4735e_WhatsApp_Video_2026-07-10_at_6.48.12_PM.mp4
[2026-07-10 19:40:55,098] INFO in api: Video: 480x864  16.46 fps  32 frames
[2026-07-10 19:40:55,293] INFO in tracking_service: DeepSORT tracker initialized successfully (embedder=MobileNet, max_age=30, n_init=3, cosine_dist=0.30)
[2026-07-10 19:40:55,293] INFO in shopping_agent: ShoppingAgent initialized (entry_confirm=3, exit_timeout=15 frames)
[2026-07-10 19:41:01,932] WARNING in error_handlers: Resource not found: 404 Not Found: The requested URL was not found on the server. If you entered the URL manually please check your spelling and try again.
[2026-07-10 19:42:54,809] INFO in shopping_agent: ShoppingAgent: basket reset — cart cleared.
[2026-07-10 19:42:58,887] INFO in shopping_agent: ShoppingAgent: basket reset — cart cleared.
[2026-07-10 19:42:59,217] INFO in api: Video saved to: C:\Users\G.SRINATH\OneDrive\Documents\Desktop\New folder\backend\static\uploads\upload_419ad574_WhatsApp_Video_2026-07-10_at_6.49.26_PM.mp4
[2026-07-10 19:42:59,271] INFO in api: Video: 480x864  18.44 fps  60 frames
[2026-07-10 19:42:59,486] INFO in tracking_service: DeepSORT tracker initialized successfully (embedder=MobileNet, max_age=30, n_init=3, cosine_dist=0.30)
[2026-07-10 19:42:59,486] INFO in shopping_agent: ShoppingAgent initialized (entry_confirm=3, exit_timeout=15 frames)
[2026-07-10 19:43:09,528] WARNING in error_handlers: Resource not found: 404 Not Found: The requested URL was not found on the server. If you entered the URL manually please check your spelling and try again.
[2026-07-10 19:45:01,376] INFO in __init__: Uploads directory verified: C:\Users\G.SRINATH\OneDrive\Documents\Desktop\New folder\backend\static\uploads
[2026-07-10 19:45:01,411] INFO in __init__: Uploads directory verified: C:\Users\G.SRINATH\OneDrive\Documents\Desktop\New folder\backend\static\uploads
[2026-07-10 19:45:02,907] WARNING in detection_service: Custom YOLOv11 model 'best.pt' not found at C:\Users\G.SRINATH\OneDrive\Documents\Desktop\New folder\backend\best.pt. Falling back to pre-trained 'C:\Users\G.SRINATH\OneDrive\Documents\Desktop\New folder\backend\yolo11n.pt'. It will be downloaded automatically if not present.
[2026-07-10 19:45:02,908] WARNING in detection_service: Custom YOLOv11 model 'best.pt' not found at C:\Users\G.SRINATH\OneDrive\Documents\Desktop\New folder\backend\best.pt. Falling back to pre-trained 'C:\Users\G.SRINATH\OneDrive\Documents\Desktop\New folder\backend\yolo11n.pt'. It will be downloaded automatically if not present.
[2026-07-10 19:45:02,939] INFO in detection_service: YOLOv11 model successfully loaded.
[2026-07-10 19:45:02,939] INFO in detection_service: YOLOv11 model successfully loaded.
[2026-07-10 19:45:04,326] INFO in tracking_service: DeepSORT tracker initialized successfully (embedder=MobileNet, max_age=30, n_init=3, cosine_dist=0.30)
[2026-07-10 19:45:04,327] INFO in shopping_agent: ShoppingAgent initialized (entry_confirm=3, exit_timeout=15 frames)
[2026-07-10 19:45:04,329] INFO in __init__: SQLite Database initialized successfully.
[2026-07-10 19:45:04,329] INFO in run: Starting AI Smart Retail Checkout Flask Server on http://localhost:5000
[2026-07-10 19:45:04,336] INFO in tracking_service: DeepSORT tracker initialized successfully (embedder=MobileNet, max_age=30, n_init=3, cosine_dist=0.30)
[2026-07-10 19:45:04,336] INFO in shopping_agent: ShoppingAgent initialized (entry_confirm=3, exit_timeout=15 frames)
[2026-07-10 19:45:04,339] INFO in __init__: SQLite Database initialized successfully.
[2026-07-10 19:45:04,339] INFO in run: Starting AI Smart Retail Checkout Flask Server on http://localhost:5000
[2026-07-10 19:45:12,237] INFO in __init__: Uploads directory verified: C:\Users\G.SRINATH\OneDrive\Documents\Desktop\New folder\backend\static\uploads
[2026-07-10 19:45:12,248] INFO in __init__: Uploads directory verified: C:\Users\G.SRINATH\OneDrive\Documents\Desktop\New folder\backend\static\uploads
[2026-07-10 19:45:13,763] WARNING in detection_service: Custom YOLOv11 model 'best.pt' not found at C:\Users\G.SRINATH\OneDrive\Documents\Desktop\New folder\backend\best.pt. Falling back to pre-trained 'C:\Users\G.SRINATH\OneDrive\Documents\Desktop\New folder\backend\yolo11n.pt'. It will be downloaded automatically if not present.
[2026-07-10 19:45:13,764] WARNING in detection_service: Custom YOLOv11 model 'best.pt' not found at C:\Users\G.SRINATH\OneDrive\Documents\Desktop\New folder\backend\best.pt. Falling back to pre-trained 'C:\Users\G.SRINATH\OneDrive\Documents\Desktop\New folder\backend\yolo11n.pt'. It will be downloaded automatically if not present.
[2026-07-10 19:45:13,795] INFO in detection_service: YOLOv11 model successfully loaded.
[2026-07-10 19:45:13,795] INFO in detection_service: YOLOv11 model successfully loaded.
[2026-07-10 19:45:15,187] INFO in tracking_service: DeepSORT tracker initialized successfully (embedder=MobileNet, max_age=30, n_init=3, cosine_dist=0.30)
[2026-07-10 19:45:15,187] INFO in shopping_agent: ShoppingAgent initialized (entry_confirm=3, exit_timeout=15 frames)
[2026-07-10 19:45:15,188] INFO in tracking_service: DeepSORT tracker initialized successfully (embedder=MobileNet, max_age=30, n_init=3, cosine_dist=0.30)
[2026-07-10 19:45:15,188] INFO in shopping_agent: ShoppingAgent initialized (entry_confirm=3, exit_timeout=15 frames)
[2026-07-10 19:45:15,201] INFO in __init__: SQLite Database initialized successfully.
[2026-07-10 19:45:15,201] INFO in run: Starting AI Smart Retail Checkout Flask Server on http://localhost:5000
[2026-07-10 19:45:15,217] INFO in __init__: SQLite Database initialized successfully.
[2026-07-10 19:45:15,217] INFO in run: Starting AI Smart Retail Checkout Flask Server on http://localhost:5000
[2026-07-10 19:45:24,107] INFO in __init__: Uploads directory verified: C:\Users\G.SRINATH\OneDrive\Documents\Desktop\New folder\backend\static\uploads
[2026-07-10 19:45:25,601] WARNING in detection_service: Custom YOLOv11 model 'best.pt' not found at C:\Users\G.SRINATH\OneDrive\Documents\Desktop\New folder\backend\best.pt. Falling back to pre-trained 'C:\Users\G.SRINATH\OneDrive\Documents\Desktop\New folder\backend\yolo11n.pt'. It will be downloaded automatically if not present.
[2026-07-10 19:45:25,635] INFO in detection_service: YOLOv11 model successfully loaded.
[2026-07-10 19:45:27,052] INFO in tracking_service: DeepSORT tracker initialized successfully (embedder=MobileNet, max_age=30, n_init=3, cosine_dist=0.30)
[2026-07-10 19:45:27,054] INFO in shopping_agent: ShoppingAgent initialized (entry_confirm=3, exit_timeout=15 frames)
[2026-07-10 19:45:27,086] INFO in __init__: SQLite Database initialized successfully.
[2026-07-10 19:45:27,099] INFO in __init__: Uploads directory verified: C:\Users\G.SRINATH\OneDrive\Documents\Desktop\New folder\backend\static\uploads
[2026-07-10 19:45:27,125] INFO in __init__: SQLite Database initialized successfully.
[2026-07-10 19:45:27,132] INFO in __init__: Uploads directory verified: C:\Users\G.SRINATH\OneDrive\Documents\Desktop\New folder\backend\static\uploads
[2026-07-10 19:45:27,153] INFO in __init__: SQLite Database initialized successfully.
[2026-07-10 19:45:27,160] INFO in __init__: Uploads directory verified: C:\Users\G.SRINATH\OneDrive\Documents\Desktop\New folder\backend\static\uploads
[2026-07-10 19:45:27,178] INFO in __init__: SQLite Database initialized successfully.
[2026-07-10 19:45:27,185] INFO in __init__: Uploads directory verified: C:\Users\G.SRINATH\OneDrive\Documents\Desktop\New folder\backend\static\uploads
[2026-07-10 19:45:27,205] INFO in __init__: SQLite Database initialized successfully.
[2026-07-10 19:45:27,210] INFO in __init__: Uploads directory verified: C:\Users\G.SRINATH\OneDrive\Documents\Desktop\New folder\backend\static\uploads
[2026-07-10 19:45:27,229] INFO in __init__: SQLite Database initialized successfully.
[2026-07-10 19:45:27,234] INFO in __init__: Uploads directory verified: C:\Users\G.SRINATH\OneDrive\Documents\Desktop\New folder\backend\static\uploads
[2026-07-10 19:45:27,252] INFO in __init__: SQLite Database initialized successfully.
[2026-07-10 19:45:27,257] INFO in __init__: Uploads directory verified: C:\Users\G.SRINATH\OneDrive\Documents\Desktop\New folder\backend\static\uploads
[2026-07-10 19:45:27,276] INFO in __init__: SQLite Database initialized successfully.
[2026-07-10 19:45:27,283] INFO in __init__: Uploads directory verified: C:\Users\G.SRINATH\OneDrive\Documents\Desktop\New folder\backend\static\uploads
[2026-07-10 19:45:27,303] INFO in __init__: SQLite Database initialized successfully.
[2026-07-10 19:45:27,310] INFO in __init__: Uploads directory verified: C:\Users\G.SRINATH\OneDrive\Documents\Desktop\New folder\backend\static\uploads
[2026-07-10 19:45:27,329] INFO in __init__: SQLite Database initialized successfully.
[2026-07-10 19:45:27,340] INFO in __init__: Uploads directory verified: C:\Users\G.SRINATH\OneDrive\Documents\Desktop\New folder\backend\static\uploads
[2026-07-10 19:45:27,361] INFO in __init__: SQLite Database initialized successfully.
[2026-07-10 19:45:27,367] INFO in __init__: Uploads directory verified: C:\Users\G.SRINATH\OneDrive\Documents\Desktop\New folder\backend\static\uploads
[2026-07-10 19:45:27,386] INFO in __init__: SQLite Database initialized successfully.
[2026-07-10 19:45:27,392] INFO in __init__: Uploads directory verified: C:\Users\G.SRINATH\OneDrive\Documents\Desktop\New folder\backend\static\uploads
[2026-07-10 19:45:27,412] INFO in __init__: SQLite Database initialized successfully.
[2026-07-10 19:45:27,419] INFO in __init__: Uploads directory verified: C:\Users\G.SRINATH\OneDrive\Documents\Desktop\New folder\backend\static\uploads
[2026-07-10 19:45:27,439] INFO in __init__: SQLite Database initialized successfully.
[2026-07-10 19:45:27,445] INFO in __init__: Uploads directory verified: C:\Users\G.SRINATH\OneDrive\Documents\Desktop\New folder\backend\static\uploads
[2026-07-10 19:45:27,464] INFO in __init__: SQLite Database initialized successfully.
[2026-07-10 19:45:27,470] INFO in __init__: Uploads directory verified: C:\Users\G.SRINATH\OneDrive\Documents\Desktop\New folder\backend\static\uploads
[2026-07-10 19:45:27,490] INFO in __init__: SQLite Database initialized successfully.
[2026-07-10 19:45:45,219] INFO in shopping_agent: ShoppingAgent: basket reset — cart cleared.
[2026-07-10 19:45:45,264] INFO in api: Video saved to: C:\Users\G.SRINATH\OneDrive\Documents\Desktop\New folder\backend\static\uploads\upload_00762d69_WhatsApp_Video_2026-07-10_at_6.48.12_PM.mp4
[2026-07-10 19:45:45,300] INFO in api: Video: 480x864  16.46 fps  32 frames
[2026-07-10 19:45:45,498] INFO in tracking_service: DeepSORT tracker initialized successfully (embedder=MobileNet, max_age=30, n_init=3, cosine_dist=0.30)
[2026-07-10 19:45:45,499] INFO in shopping_agent: ShoppingAgent initialized (entry_confirm=3, exit_timeout=15 frames)
[2026-07-10 19:45:51,884] WARNING in error_handlers: Resource not found: 404 Not Found: The requested URL was not found on the server. If you entered the URL manually please check your spelling and try again.
[2026-07-10 19:46:16,234] INFO in shopping_agent: ShoppingAgent: basket reset — cart cleared.
[2026-07-10 19:46:21,328] INFO in shopping_agent: ShoppingAgent: basket reset — cart cleared.
[2026-07-10 19:46:27,394] INFO in shopping_agent: ShoppingAgent: basket reset — cart cleared.
[2026-07-10 19:46:27,666] INFO in api: Video saved to: C:\Users\G.SRINATH\OneDrive\Documents\Desktop\New folder\backend\static\uploads\upload_065d97f1_WhatsApp_Video_2026-07-10_at_6.49.26_PM.mp4
[2026-07-10 19:46:27,693] INFO in api: Video: 480x864  18.44 fps  60 frames
[2026-07-10 19:46:27,960] INFO in tracking_service: DeepSORT tracker initialized successfully (embedder=MobileNet, max_age=30, n_init=3, cosine_dist=0.30)
[2026-07-10 19:46:27,960] INFO in shopping_agent: ShoppingAgent initialized (entry_confirm=3, exit_timeout=15 frames)
[2026-07-10 19:46:37,370] WARNING in error_handlers: Resource not found: 404 Not Found: The requested URL was not found on the server. If you entered the URL manually please check your spelling and try again.
[2026-07-10 21:56:24,381] INFO in __init__: Uploads directory verified: C:\Users\G.SRINATH\OneDrive\Documents\Desktop\RETAIL-CHECKOUT-SYSTEM\backend\static\uploads
[2026-07-10 21:56:26,030] WARNING in detection_service: Custom YOLOv11 model 'best.pt' not found at C:\Users\G.SRINATH\OneDrive\Documents\Desktop\RETAIL-CHECKOUT-SYSTEM\backend\best.pt. Falling back to pre-trained 'C:\Users\G.SRINATH\OneDrive\Documents\Desktop\RETAIL-CHECKOUT-SYSTEM\backend\yolo11n.pt'. It will be downloaded automatically if not present.
[2026-07-10 21:56:26,078] INFO in detection_service: YOLOv11 model successfully loaded.
[2026-07-10 21:56:26,276] ERROR in tracking_service: Failed to initialize DeepSORT tracker.
Traceback (most recent call last):
  File "C:\Users\G.SRINATH\OneDrive\Documents\Desktop\RETAIL-CHECKOUT-SYSTEM\backend\app\services\tracking_service.py", line 31, in _try_init_deepsort
    self.tracker = DeepSort(
  File "C:\Users\G.SRINATH\OneDrive\Documents\Desktop\RETAIL-CHECKOUT-SYSTEM\backend\venv\lib\site-packages\deep_sort_realtime\deepsort_tracker.py", line 104, in __init__
    from deep_sort_realtime.embedder.embedder_pytorch import (
  File "C:\Users\G.SRINATH\OneDrive\Documents\Desktop\RETAIL-CHECKOUT-SYSTEM\backend\venv\lib\site-packages\deep_sort_realtime\embedder\embedder_pytorch.py", line 6, in <module>
    import pkg_resources
ModuleNotFoundError: No module named 'pkg_resources'
[2026-07-10 21:56:26,278] WARNING in tracking_service: DeepSORT unavailable. Using centroid/IoU fallback tracker.
[2026-07-10 21:56:26,278] INFO in shopping_agent: ShoppingAgent initialized (entry_confirm=3, exit_timeout=15 frames)
[2026-07-10 21:56:26,280] INFO in __init__: SQLite Database initialized successfully.
[2026-07-10 21:56:26,280] INFO in run: Starting AI Smart Retail Checkout Flask Server on http://localhost:5000
[2026-07-10 21:56:26,498] INFO in __init__: Uploads directory verified: C:\Users\G.SRINATH\OneDrive\Documents\Desktop\RETAIL-CHECKOUT-SYSTEM\backend\static\uploads
[2026-07-10 21:56:27,912] WARNING in detection_service: Custom YOLOv11 model 'best.pt' not found at C:\Users\G.SRINATH\OneDrive\Documents\Desktop\RETAIL-CHECKOUT-SYSTEM\backend\best.pt. Falling back to pre-trained 'C:\Users\G.SRINATH\OneDrive\Documents\Desktop\RETAIL-CHECKOUT-SYSTEM\backend\yolo11n.pt'. It will be downloaded automatically if not present.
[2026-07-10 21:56:27,946] INFO in detection_service: YOLOv11 model successfully loaded.
[2026-07-10 21:56:28,127] ERROR in tracking_service: Failed to initialize DeepSORT tracker.
Traceback (most recent call last):
  File "C:\Users\G.SRINATH\OneDrive\Documents\Desktop\RETAIL-CHECKOUT-SYSTEM\backend\app\services\tracking_service.py", line 31, in _try_init_deepsort
    self.tracker = DeepSort(
  File "C:\Users\G.SRINATH\OneDrive\Documents\Desktop\RETAIL-CHECKOUT-SYSTEM\backend\venv\lib\site-packages\deep_sort_realtime\deepsort_tracker.py", line 104, in __init__
    from deep_sort_realtime.embedder.embedder_pytorch import (
  File "C:\Users\G.SRINATH\OneDrive\Documents\Desktop\RETAIL-CHECKOUT-SYSTEM\backend\venv\lib\site-packages\deep_sort_realtime\embedder\embedder_pytorch.py", line 6, in <module>
    import pkg_resources
ModuleNotFoundError: No module named 'pkg_resources'
[2026-07-10 21:56:28,128] WARNING in tracking_service: DeepSORT unavailable. Using centroid/IoU fallback tracker.
[2026-07-10 21:56:28,128] INFO in shopping_agent: ShoppingAgent initialized (entry_confirm=3, exit_timeout=15 frames)
[2026-07-10 21:56:28,131] INFO in __init__: SQLite Database initialized successfully.
[2026-07-10 21:56:28,131] INFO in run: Starting AI Smart Retail Checkout Flask Server on http://localhost:5000
[2026-07-11 12:30:32,364] INFO in __init__: Uploads directory verified: C:\Users\G.SRINATH\OneDrive\Documents\Desktop\RETAIL-CHECKOUT-SYSTEM\backend\static\uploads
[2026-07-11 12:30:38,427] WARNING in detection_service: Custom YOLOv11 model 'best.pt' not found at C:\Users\G.SRINATH\OneDrive\Documents\Desktop\RETAIL-CHECKOUT-SYSTEM\backend\best.pt. Falling back to pre-trained 'C:\Users\G.SRINATH\OneDrive\Documents\Desktop\RETAIL-CHECKOUT-SYSTEM\backend\yolo11n.pt'. It will be downloaded automatically if not present.
[2026-07-11 12:30:38,531] INFO in detection_service: YOLOv11 model successfully loaded.
[2026-07-11 12:30:39,318] ERROR in tracking_service: Failed to initialize DeepSORT tracker.
Traceback (most recent call last):
  File "C:\Users\G.SRINATH\OneDrive\Documents\Desktop\RETAIL-CHECKOUT-SYSTEM\backend\app\services\tracking_service.py", line 31, in _try_init_deepsort
    self.tracker = DeepSort(
  File "C:\Users\G.SRINATH\OneDrive\Documents\Desktop\RETAIL-CHECKOUT-SYSTEM\backend\venv\lib\site-packages\deep_sort_realtime\deepsort_tracker.py", line 104, in __init__
    from deep_sort_realtime.embedder.embedder_pytorch import (
  File "C:\Users\G.SRINATH\OneDrive\Documents\Desktop\RETAIL-CHECKOUT-SYSTEM\backend\venv\lib\site-packages\deep_sort_realtime\embedder\embedder_pytorch.py", line 6, in <module>
    import pkg_resources
ModuleNotFoundError: No module named 'pkg_resources'
[2026-07-11 12:30:39,320] WARNING in tracking_service: DeepSORT unavailable. Using centroid/IoU fallback tracker.
[2026-07-11 12:30:39,320] INFO in shopping_agent: ShoppingAgent initialized (entry_confirm=3, exit_timeout=15 frames)
[2026-07-11 12:30:39,324] INFO in __init__: SQLite Database initialized successfully.
[2026-07-11 12:30:39,324] INFO in run: Starting AI Smart Retail Checkout Flask Server on http://localhost:5000
[2026-07-11 12:30:39,739] INFO in __init__: Uploads directory verified: C:\Users\G.SRINATH\OneDrive\Documents\Desktop\RETAIL-CHECKOUT-SYSTEM\backend\static\uploads
[2026-07-11 12:31:05,967] WARNING in detection_service: Custom YOLOv11 model 'best.pt' not found at C:\Users\G.SRINATH\OneDrive\Documents\Desktop\RETAIL-CHECKOUT-SYSTEM\backend\best.pt. Falling back to pre-trained 'C:\Users\G.SRINATH\OneDrive\Documents\Desktop\RETAIL-CHECKOUT-SYSTEM\backend\yolo11n.pt'. It will be downloaded automatically if not present.
[2026-07-11 12:31:06,401] INFO in detection_service: YOLOv11 model successfully loaded.
[2026-07-11 12:31:09,211] ERROR in tracking_service: Failed to initialize DeepSORT tracker.
Traceback (most recent call last):
  File "C:\Users\G.SRINATH\OneDrive\Documents\Desktop\RETAIL-CHECKOUT-SYSTEM\backend\app\services\tracking_service.py", line 31, in _try_init_deepsort
    self.tracker = DeepSort(
  File "C:\Users\G.SRINATH\OneDrive\Documents\Desktop\RETAIL-CHECKOUT-SYSTEM\backend\venv\lib\site-packages\deep_sort_realtime\deepsort_tracker.py", line 104, in __init__
    from deep_sort_realtime.embedder.embedder_pytorch import (
  File "C:\Users\G.SRINATH\OneDrive\Documents\Desktop\RETAIL-CHECKOUT-SYSTEM\backend\venv\lib\site-packages\deep_sort_realtime\embedder\embedder_pytorch.py", line 6, in <module>
    import pkg_resources
ModuleNotFoundError: No module named 'pkg_resources'
[2026-07-11 12:31:09,219] WARNING in tracking_service: DeepSORT unavailable. Using centroid/IoU fallback tracker.
[2026-07-11 12:31:09,221] INFO in shopping_agent: ShoppingAgent initialized (entry_confirm=3, exit_timeout=15 frames)
[2026-07-11 12:31:09,252] INFO in __init__: SQLite Database initialized successfully.
[2026-07-11 12:31:09,254] INFO in run: Starting AI Smart Retail Checkout Flask Server on http://localhost:5000
[2026-07-11 12:33:59,887] INFO in shopping_agent: ShoppingAgent: basket reset — cart cleared.
[2026-07-11 12:33:59,971] INFO in api: Video saved to: C:\Users\G.SRINATH\OneDrive\Documents\Desktop\RETAIL-CHECKOUT-SYSTEM\backend\static\uploads\upload_bbf4fe90_WhatsApp_Video_2026-07-10_at_6.40.49_PM.mp4
[2026-07-11 12:34:00,179] INFO in api: Video: 480x864  19.02 fps  154 frames
[2026-07-11 12:34:00,197] ERROR in tracking_service: Failed to initialize DeepSORT tracker.
Traceback (most recent call last):
  File "C:\Users\G.SRINATH\OneDrive\Documents\Desktop\RETAIL-CHECKOUT-SYSTEM\backend\app\services\tracking_service.py", line 31, in _try_init_deepsort
    self.tracker = DeepSort(
  File "C:\Users\G.SRINATH\OneDrive\Documents\Desktop\RETAIL-CHECKOUT-SYSTEM\backend\venv\lib\site-packages\deep_sort_realtime\deepsort_tracker.py", line 104, in __init__
    from deep_sort_realtime.embedder.embedder_pytorch import (
  File "C:\Users\G.SRINATH\OneDrive\Documents\Desktop\RETAIL-CHECKOUT-SYSTEM\backend\venv\lib\site-packages\deep_sort_realtime\embedder\embedder_pytorch.py", line 6, in <module>
    import pkg_resources
ModuleNotFoundError: No module named 'pkg_resources'
[2026-07-11 12:34:00,203] WARNING in tracking_service: DeepSORT unavailable. Using centroid/IoU fallback tracker.
[2026-07-11 12:34:00,204] INFO in shopping_agent: ShoppingAgent initialized (entry_confirm=3, exit_timeout=15 frames)
[2026-07-11 12:34:53,672] INFO in shopping_agent: ShoppingAgent: basket reset — cart cleared.
[2026-07-11 12:34:59,207] INFO in shopping_agent: ShoppingAgent: basket reset — cart cleared.
[2026-07-11 12:35:05,018] INFO in shopping_agent: ShoppingAgent: basket reset — cart cleared.
[2026-07-11 12:35:05,425] INFO in api: Video saved to: C:\Users\G.SRINATH\OneDrive\Documents\Desktop\RETAIL-CHECKOUT-SYSTEM\backend\static\uploads\upload_ceba07dc_WhatsApp_Video_2026-07-10_at_6.48.12_PM.mp4
[2026-07-11 12:35:05,697] INFO in api: Video: 480x864  16.46 fps  32 frames
[2026-07-11 12:35:05,753] ERROR in tracking_service: Failed to initialize DeepSORT tracker.
Traceback (most recent call last):
  File "C:\Users\G.SRINATH\OneDrive\Documents\Desktop\RETAIL-CHECKOUT-SYSTEM\backend\app\services\tracking_service.py", line 31, in _try_init_deepsort
    self.tracker = DeepSort(
  File "C:\Users\G.SRINATH\OneDrive\Documents\Desktop\RETAIL-CHECKOUT-SYSTEM\backend\venv\lib\site-packages\deep_sort_realtime\deepsort_tracker.py", line 104, in __init__
    from deep_sort_realtime.embedder.embedder_pytorch import (
  File "C:\Users\G.SRINATH\OneDrive\Documents\Desktop\RETAIL-CHECKOUT-SYSTEM\backend\venv\lib\site-packages\deep_sort_realtime\embedder\embedder_pytorch.py", line 6, in <module>
    import pkg_resources
ModuleNotFoundError: No module named 'pkg_resources'
[2026-07-11 12:35:05,767] WARNING in tracking_service: DeepSORT unavailable. Using centroid/IoU fallback tracker.
[2026-07-11 12:35:05,771] INFO in shopping_agent: ShoppingAgent initialized (entry_confirm=3, exit_timeout=15 frames)
[2026-07-11 12:35:13,472] WARNING in error_handlers: Resource not found: 404 Not Found: The requested URL was not found on the server. If you entered the URL manually please check your spelling and try again.
[2026-07-11 12:35:31,002] INFO in shopping_agent: ShoppingAgent: basket reset — cart cleared.
[2026-07-11 12:35:47,566] INFO in shopping_agent: ShoppingAgent: basket reset — cart cleared.
[2026-07-11 12:35:48,360] INFO in api: Video saved to: C:\Users\G.SRINATH\OneDrive\Documents\Desktop\RETAIL-CHECKOUT-SYSTEM\backend\static\uploads\upload_1659b708_WhatsApp_Video_2026-07-10_at_6.40.49_PM.mp4
[2026-07-11 12:35:48,851] INFO in api: Video: 480x864  19.02 fps  154 frames
[2026-07-11 12:35:48,974] ERROR in tracking_service: Failed to initialize DeepSORT tracker.
Traceback (most recent call last):
  File "C:\Users\G.SRINATH\OneDrive\Documents\Desktop\RETAIL-CHECKOUT-SYSTEM\backend\app\services\tracking_service.py", line 31, in _try_init_deepsort
    self.tracker = DeepSort(
  File "C:\Users\G.SRINATH\OneDrive\Documents\Desktop\RETAIL-CHECKOUT-SYSTEM\backend\venv\lib\site-packages\deep_sort_realtime\deepsort_tracker.py", line 104, in __init__
    from deep_sort_realtime.embedder.embedder_pytorch import (
  File "C:\Users\G.SRINATH\OneDrive\Documents\Desktop\RETAIL-CHECKOUT-SYSTEM\backend\venv\lib\site-packages\deep_sort_realtime\embedder\embedder_pytorch.py", line 6, in <module>
    import pkg_resources
ModuleNotFoundError: No module named 'pkg_resources'
[2026-07-11 12:35:48,988] WARNING in tracking_service: DeepSORT unavailable. Using centroid/IoU fallback tracker.
[2026-07-11 12:35:49,001] INFO in shopping_agent: ShoppingAgent initialized (entry_confirm=3, exit_timeout=15 frames)
[2026-07-11 12:36:50,740] WARNING in error_handlers: Resource not found: 404 Not Found: The requested URL was not found on the server. If you entered the URL manually please check your spelling and try again.
[2026-07-11 12:37:41,812] WARNING in error_handlers: Resource not found: 404 Not Found: The requested URL was not found on the server. If you entered the URL manually please check your spelling and try again.
[2026-07-11 12:37:42,133] WARNING in error_handlers: Resource not found: 404 Not Found: The requested URL was not found on the server. If you entered the URL manually please check your spelling and try again.
[2026-07-11 13:08:07,836] INFO in shopping_agent: ShoppingAgent: basket reset — cart cleared.
[2026-07-11 13:08:07,913] INFO in api: Video saved to: C:\Users\G.SRINATH\OneDrive\Documents\Desktop\RETAIL-CHECKOUT-SYSTEM\backend\static\uploads\upload_67d38b17_WhatsApp_Video_2026-07-10_at_6.40.49_PM.mp4
[2026-07-11 13:08:07,990] INFO in api: Video: 480x864  19.02 fps  154 frames
[2026-07-11 13:08:08,004] ERROR in tracking_service: Failed to initialize DeepSORT tracker.
Traceback (most recent call last):
  File "C:\Users\G.SRINATH\OneDrive\Documents\Desktop\RETAIL-CHECKOUT-SYSTEM\backend\app\services\tracking_service.py", line 31, in _try_init_deepsort
    self.tracker = DeepSort(
  File "C:\Users\G.SRINATH\OneDrive\Documents\Desktop\RETAIL-CHECKOUT-SYSTEM\backend\venv\lib\site-packages\deep_sort_realtime\deepsort_tracker.py", line 104, in __init__
    from deep_sort_realtime.embedder.embedder_pytorch import (
  File "C:\Users\G.SRINATH\OneDrive\Documents\Desktop\RETAIL-CHECKOUT-SYSTEM\backend\venv\lib\site-packages\deep_sort_realtime\embedder\embedder_pytorch.py", line 6, in <module>
    import pkg_resources
ModuleNotFoundError: No module named 'pkg_resources'
[2026-07-11 13:08:08,008] WARNING in tracking_service: DeepSORT unavailable. Using centroid/IoU fallback tracker.
[2026-07-11 13:08:08,010] INFO in shopping_agent: ShoppingAgent initialized (entry_confirm=3, exit_timeout=15 frames)
[2026-07-11 13:08:08,619] INFO in shopping_agent: ShoppingAgent: basket reset — cart cleared.
[2026-07-11 13:08:16,614] INFO in shopping_agent: ShoppingAgent: basket reset — cart cleared.
[2026-07-11 13:08:21,238] INFO in shopping_agent: ShoppingAgent: basket reset — cart cleared.
[2026-07-11 13:08:21,568] INFO in api: Video saved to: C:\Users\G.SRINATH\OneDrive\Documents\Desktop\RETAIL-CHECKOUT-SYSTEM\backend\static\uploads\upload_b993843d_WhatsApp_Video_2026-07-10_at_6.48.12_PM.mp4
[2026-07-11 13:08:21,642] INFO in api: Video: 480x864  16.46 fps  32 frames
[2026-07-11 13:08:21,652] ERROR in tracking_service: Failed to initialize DeepSORT tracker.
Traceback (most recent call last):
  File "C:\Users\G.SRINATH\OneDrive\Documents\Desktop\RETAIL-CHECKOUT-SYSTEM\backend\app\services\tracking_service.py", line 31, in _try_init_deepsort
    self.tracker = DeepSort(
  File "C:\Users\G.SRINATH\OneDrive\Documents\Desktop\RETAIL-CHECKOUT-SYSTEM\backend\venv\lib\site-packages\deep_sort_realtime\deepsort_tracker.py", line 104, in __init__
    from deep_sort_realtime.embedder.embedder_pytorch import (
  File "C:\Users\G.SRINATH\OneDrive\Documents\Desktop\RETAIL-CHECKOUT-SYSTEM\backend\venv\lib\site-packages\deep_sort_realtime\embedder\embedder_pytorch.py", line 6, in <module>
    import pkg_resources
ModuleNotFoundError: No module named 'pkg_resources'
[2026-07-11 13:08:21,655] WARNING in tracking_service: DeepSORT unavailable. Using centroid/IoU fallback tracker.
[2026-07-11 13:08:21,656] INFO in shopping_agent: ShoppingAgent initialized (entry_confirm=3, exit_timeout=15 frames)
[2026-07-11 13:08:42,358] WARNING in error_handlers: Resource not found: 404 Not Found: The requested URL was not found on the server. If you entered the URL manually please check your spelling and try again.
[2026-07-11 13:09:09,419] WARNING in error_handlers: Resource not found: 404 Not Found: The requested URL was not found on the server. If you entered the URL manually please check your spelling and try again.
[2026-07-11 13:09:09,745] WARNING in error_handlers: Resource not found: 404 Not Found: The requested URL was not found on the server. If you entered the URL manually please check your spelling and try again.
[2026-07-11 15:26:47,067] INFO in shopping_agent: ShoppingAgent: basket reset — cart cleared.
[2026-07-11 15:26:56,236] INFO in shopping_agent: ShoppingAgent: basket reset — cart cleared.
[2026-07-11 15:26:56,513] INFO in api: Video saved to: C:\Users\G.SRINATH\OneDrive\Documents\Desktop\RETAIL-CHECKOUT-SYSTEM\backend\static\uploads\upload_026205d7_WhatsApp_Video_2026-07-10_at_6.48.12_PM.mp4
[2026-07-11 15:26:56,582] INFO in api: Video: 480x864  16.46 fps  32 frames
[2026-07-11 15:26:56,611] ERROR in tracking_service: Failed to initialize DeepSORT tracker.
Traceback (most recent call last):
  File "C:\Users\G.SRINATH\OneDrive\Documents\Desktop\RETAIL-CHECKOUT-SYSTEM\backend\app\services\tracking_service.py", line 31, in _try_init_deepsort
    self.tracker = DeepSort(
  File "C:\Users\G.SRINATH\OneDrive\Documents\Desktop\RETAIL-CHECKOUT-SYSTEM\backend\venv\lib\site-packages\deep_sort_realtime\deepsort_tracker.py", line 104, in __init__
    from deep_sort_realtime.embedder.embedder_pytorch import (
  File "C:\Users\G.SRINATH\OneDrive\Documents\Desktop\RETAIL-CHECKOUT-SYSTEM\backend\venv\lib\site-packages\deep_sort_realtime\embedder\embedder_pytorch.py", line 6, in <module>
    import pkg_resources
ModuleNotFoundError: No module named 'pkg_resources'
[2026-07-11 15:26:56,614] WARNING in tracking_service: DeepSORT unavailable. Using centroid/IoU fallback tracker.
[2026-07-11 15:26:56,615] INFO in shopping_agent: ShoppingAgent initialized (entry_confirm=3, exit_timeout=15 frames)
[2026-07-11 15:27:06,678] WARNING in error_handlers: Resource not found: 404 Not Found: The requested URL was not found on the server. If you entered the URL manually please check your spelling and try again.
[2026-07-11 15:59:44,326] INFO in shopping_agent: ShoppingAgent: basket reset — cart cleared.
[2026-07-24 19:41:01,592] INFO in __init__: Uploads directory verified: C:\Users\G.SRINATH\OneDrive\Documents\Desktop\RETAIL-CHECKOUT-SYSTEM\backend\static\uploads
[2026-07-24 19:41:04,127] WARNING in detection_service: Custom YOLOv11 model 'best.pt' not found at C:\Users\G.SRINATH\OneDrive\Documents\Desktop\RETAIL-CHECKOUT-SYSTEM\backend\best.pt. Falling back to pre-trained 'C:\Users\G.SRINATH\OneDrive\Documents\Desktop\RETAIL-CHECKOUT-SYSTEM\backend\yolo11n.pt'. It will be downloaded automatically if not present.
[2026-07-24 19:41:04,188] INFO in detection_service: YOLOv11 model successfully loaded.
[2026-07-24 19:41:04,718] ERROR in tracking_service: Failed to initialize DeepSORT tracker.
Traceback (most recent call last):
  File "C:\Users\G.SRINATH\OneDrive\Documents\Desktop\RETAIL-CHECKOUT-SYSTEM\backend\app\services\tracking_service.py", line 31, in _try_init_deepsort
    self.tracker = DeepSort(
  File "C:\Users\G.SRINATH\OneDrive\Documents\Desktop\RETAIL-CHECKOUT-SYSTEM\backend\venv\lib\site-packages\deep_sort_realtime\deepsort_tracker.py", line 104, in __init__
    from deep_sort_realtime.embedder.embedder_pytorch import (
  File "C:\Users\G.SRINATH\OneDrive\Documents\Desktop\RETAIL-CHECKOUT-SYSTEM\backend\venv\lib\site-packages\deep_sort_realtime\embedder\embedder_pytorch.py", line 6, in <module>
    import pkg_resources
ModuleNotFoundError: No module named 'pkg_resources'
[2026-07-24 19:41:04,719] WARNING in tracking_service: DeepSORT unavailable. Using centroid/IoU fallback tracker.
[2026-07-24 19:41:04,720] INFO in shopping_agent: ShoppingAgent initialized (entry_confirm=3, exit_timeout=15 frames)
[2026-07-24 19:41:04,722] INFO in __init__: SQLite Database initialized successfully.
[2026-07-24 19:41:04,722] INFO in run: Starting AI Smart Retail Checkout Flask Server on http://localhost:5000
[2026-07-24 19:41:04,957] INFO in __init__: Uploads directory verified: C:\Users\G.SRINATH\OneDrive\Documents\Desktop\RETAIL-CHECKOUT-SYSTEM\backend\static\uploads
[2026-07-24 19:41:06,489] WARNING in detection_service: Custom YOLOv11 model 'best.pt' not found at C:\Users\G.SRINATH\OneDrive\Documents\Desktop\RETAIL-CHECKOUT-SYSTEM\backend\best.pt. Falling back to pre-trained 'C:\Users\G.SRINATH\OneDrive\Documents\Desktop\RETAIL-CHECKOUT-SYSTEM\backend\yolo11n.pt'. It will be downloaded automatically if not present.
[2026-07-24 19:41:06,524] INFO in detection_service: YOLOv11 model successfully loaded.
[2026-07-24 19:41:06,722] ERROR in tracking_service: Failed to initialize DeepSORT tracker.
Traceback (most recent call last):
  File "C:\Users\G.SRINATH\OneDrive\Documents\Desktop\RETAIL-CHECKOUT-SYSTEM\backend\app\services\tracking_service.py", line 31, in _try_init_deepsort
    self.tracker = DeepSort(
  File "C:\Users\G.SRINATH\OneDrive\Documents\Desktop\RETAIL-CHECKOUT-SYSTEM\backend\venv\lib\site-packages\deep_sort_realtime\deepsort_tracker.py", line 104, in __init__
    from deep_sort_realtime.embedder.embedder_pytorch import (
  File "C:\Users\G.SRINATH\OneDrive\Documents\Desktop\RETAIL-CHECKOUT-SYSTEM\backend\venv\lib\site-packages\deep_sort_realtime\embedder\embedder_pytorch.py", line 6, in <module>
    import pkg_resources
ModuleNotFoundError: No module named 'pkg_resources'
[2026-07-24 19:41:06,723] WARNING in tracking_service: DeepSORT unavailable. Using centroid/IoU fallback tracker.
[2026-07-24 19:41:06,723] INFO in shopping_agent: ShoppingAgent initialized (entry_confirm=3, exit_timeout=15 frames)
[2026-07-24 19:41:06,726] INFO in __init__: SQLite Database initialized successfully.
[2026-07-24 19:41:06,726] INFO in run: Starting AI Smart Retail Checkout Flask Server on http://localhost:5000
[2026-07-24 19:41:30,404] WARNING in error_handlers: Resource not found: 404 Not Found: The requested URL was not found on the server. If you entered the URL manually please check your spelling and try again.
[2026-07-24 19:41:30,487] WARNING in error_handlers: Resource not found: 404 Not Found: The requested URL was not found on the server. If you entered the URL manually please check your spelling and try again.
[2026-07-24 19:41:37,430] WARNING in error_handlers: Resource not found: 404 Not Found: The requested URL was not found on the server. If you entered the URL manually please check your spelling and try again.
[2026-07-24 19:41:37,554] WARNING in error_handlers: Resource not found: 404 Not Found: The requested URL was not found on the server. If you entered the URL manually please check your spelling and try again.
[2026-07-24 19:41:39,909] WARNING in error_handlers: Resource not found: 404 Not Found: The requested URL was not found on the server. If you entered the URL manually please check your spelling and try again.
[2026-07-24 19:41:42,185] WARNING in error_handlers: Resource not found: 404 Not Found: The requested URL was not found on the server. If you entered the URL manually please check your spelling and try again.
[2026-07-24 19:41:43,191] WARNING in error_handlers: Resource not found: 404 Not Found: The requested URL was not found on the server. If you entered the URL manually please check your spelling and try again.
[2026-07-24 19:42:42,180] INFO in shopping_agent: ShoppingAgent: basket reset — cart cleared.
[2026-07-24 19:42:42,245] INFO in api: Video saved to: C:\Users\G.SRINATH\OneDrive\Documents\Desktop\RETAIL-CHECKOUT-SYSTEM\backend\static\uploads\upload_6faf3664_WhatsApp_Video_2026-07-10_at_6.48.12_PM.mp4
[2026-07-24 19:42:42,371] INFO in api: Video: 480x864  16.46 fps  32 frames
[2026-07-24 19:42:42,384] ERROR in tracking_service: Failed to initialize DeepSORT tracker.
Traceback (most recent call last):
  File "C:\Users\G.SRINATH\OneDrive\Documents\Desktop\RETAIL-CHECKOUT-SYSTEM\backend\app\services\tracking_service.py", line 31, in _try_init_deepsort
    self.tracker = DeepSort(
  File "C:\Users\G.SRINATH\OneDrive\Documents\Desktop\RETAIL-CHECKOUT-SYSTEM\backend\venv\lib\site-packages\deep_sort_realtime\deepsort_tracker.py", line 104, in __init__
    from deep_sort_realtime.embedder.embedder_pytorch import (
  File "C:\Users\G.SRINATH\OneDrive\Documents\Desktop\RETAIL-CHECKOUT-SYSTEM\backend\venv\lib\site-packages\deep_sort_realtime\embedder\embedder_pytorch.py", line 6, in <module>
    import pkg_resources
ModuleNotFoundError: No module named 'pkg_resources'
[2026-07-24 19:42:42,385] WARNING in tracking_service: DeepSORT unavailable. Using centroid/IoU fallback tracker.
[2026-07-24 19:42:42,386] INFO in shopping_agent: ShoppingAgent initialized (entry_confirm=3, exit_timeout=15 frames)
[2026-07-24 19:42:49,711] WARNING in error_handlers: Resource not found: 404 Not Found: The requested URL was not found on the server. If you entered the URL manually please check your spelling and try again.
[2026-07-24 19:47:29,173] WARNING in error_handlers: Resource not found: 404 Not Found: The requested URL was not found on the server. If you entered the URL manually please check your spelling and try again.
[2026-07-24 19:47:29,222] WARNING in error_handlers: Resource not found: 404 Not Found: The requested URL was not found on the server. If you entered the URL manually please check your spelling and try again.
[2026-07-24 19:47:59,672] WARNING in error_handlers: Resource not found: 404 Not Found: The requested URL was not found on the server. If you entered the URL manually please check your spelling and try again.
[2026-07-24 19:47:59,716] WARNING in error_handlers: Resource not found: 404 Not Found: The requested URL was not found on the server. If you entered the URL manually please check your spelling and try again.
[2026-07-24 20:02:58,865] INFO in __init__: Uploads directory verified: C:\Users\G.SRINATH\OneDrive\Documents\Desktop\RETAIL-CHECKOUT-SYSTEM\backend\static\uploads
[2026-07-24 20:03:00,923] WARNING in detection_service: Custom YOLOv11 model 'best.pt' not found at C:\Users\G.SRINATH\OneDrive\Documents\Desktop\RETAIL-CHECKOUT-SYSTEM\backend\best.pt. Falling back to pre-trained 'C:\Users\G.SRINATH\OneDrive\Documents\Desktop\RETAIL-CHECKOUT-SYSTEM\backend\yolo11n.pt'. It will be downloaded automatically if not present.
[2026-07-24 20:03:00,960] INFO in detection_service: YOLOv11 model successfully loaded.
[2026-07-24 20:03:01,282] ERROR in tracking_service: Failed to initialize DeepSORT tracker.
Traceback (most recent call last):
  File "C:\Users\G.SRINATH\OneDrive\Documents\Desktop\RETAIL-CHECKOUT-SYSTEM\backend\app\services\tracking_service.py", line 31, in _try_init_deepsort
    self.tracker = DeepSort(
  File "C:\Users\G.SRINATH\OneDrive\Documents\Desktop\RETAIL-CHECKOUT-SYSTEM\backend\venv\lib\site-packages\deep_sort_realtime\deepsort_tracker.py", line 104, in __init__
    from deep_sort_realtime.embedder.embedder_pytorch import (
  File "C:\Users\G.SRINATH\OneDrive\Documents\Desktop\RETAIL-CHECKOUT-SYSTEM\backend\venv\lib\site-packages\deep_sort_realtime\embedder\embedder_pytorch.py", line 6, in <module>
    import pkg_resources
ModuleNotFoundError: No module named 'pkg_resources'
[2026-07-24 20:03:01,284] WARNING in tracking_service: DeepSORT unavailable. Using centroid/IoU fallback tracker.
[2026-07-24 20:03:01,285] INFO in shopping_agent: ShoppingAgent initialized (entry_confirm=3, exit_timeout=15 frames)
[2026-07-24 20:03:01,287] INFO in __init__: SQLite Database initialized successfully.
[2026-07-24 20:03:01,288] INFO in run: Starting AI Smart Retail Checkout Flask Server on http://localhost:5000
[2026-07-24 20:03:11,345] INFO in shopping_agent: ShoppingAgent: basket reset — cart cleared.
[2026-07-24 20:03:15,949] INFO in shopping_agent: ShoppingAgent: basket reset — cart cleared.
[2026-07-24 20:03:16,271] INFO in api: Video saved to: C:\Users\G.SRINATH\OneDrive\Documents\Desktop\RETAIL-CHECKOUT-SYSTEM\backend\static\uploads\upload_51753a87_WhatsApp_Video_2026-07-10_at_6.48.12_PM.mp4
[2026-07-24 20:03:16,303] INFO in api: Video: 480x864  16.46 fps  32 frames
[2026-07-24 20:03:16,308] ERROR in tracking_service: Failed to initialize DeepSORT tracker.
Traceback (most recent call last):
  File "C:\Users\G.SRINATH\OneDrive\Documents\Desktop\RETAIL-CHECKOUT-SYSTEM\backend\app\services\tracking_service.py", line 31, in _try_init_deepsort
    self.tracker = DeepSort(
  File "C:\Users\G.SRINATH\OneDrive\Documents\Desktop\RETAIL-CHECKOUT-SYSTEM\backend\venv\lib\site-packages\deep_sort_realtime\deepsort_tracker.py", line 104, in __init__
    from deep_sort_realtime.embedder.embedder_pytorch import (
  File "C:\Users\G.SRINATH\OneDrive\Documents\Desktop\RETAIL-CHECKOUT-SYSTEM\backend\venv\lib\site-packages\deep_sort_realtime\embedder\embedder_pytorch.py", line 6, in <module>
    import pkg_resources
ModuleNotFoundError: No module named 'pkg_resources'
[2026-07-24 20:03:16,309] WARNING in tracking_service: DeepSORT unavailable. Using centroid/IoU fallback tracker.
[2026-07-24 20:03:16,309] INFO in shopping_agent: ShoppingAgent initialized (entry_confirm=3, exit_timeout=15 frames)
[2026-07-24 20:03:23,680] WARNING in error_handlers: Resource not found: 404 Not Found: The requested URL was not found on the server. If you entered the URL manually please check your spelling and try again.
[2026-07-24 21:18:26,210] INFO in __init__: Uploads directory verified: C:\Users\G.SRINATH\OneDrive\Documents\Desktop\RETAIL-CHECKOUT-SYSTEM\backend\static\uploads
[2026-07-24 21:18:28,190] WARNING in detection_service: Custom YOLOv11 model 'best.pt' not found at C:\Users\G.SRINATH\OneDrive\Documents\Desktop\RETAIL-CHECKOUT-SYSTEM\backend\best.pt. Falling back to pre-trained 'C:\Users\G.SRINATH\OneDrive\Documents\Desktop\RETAIL-CHECKOUT-SYSTEM\backend\yolo11n.pt'. It will be downloaded automatically if not present.
[2026-07-24 21:18:28,235] INFO in detection_service: YOLOv11 model successfully loaded.
[2026-07-24 21:18:28,583] ERROR in tracking_service: Failed to initialize DeepSORT tracker.
Traceback (most recent call last):
  File "C:\Users\G.SRINATH\OneDrive\Documents\Desktop\RETAIL-CHECKOUT-SYSTEM\backend\app\services\tracking_service.py", line 31, in _try_init_deepsort
    self.tracker = DeepSort(
  File "C:\Users\G.SRINATH\OneDrive\Documents\Desktop\RETAIL-CHECKOUT-SYSTEM\backend\venv\lib\site-packages\deep_sort_realtime\deepsort_tracker.py", line 104, in __init__
    from deep_sort_realtime.embedder.embedder_pytorch import (
  File "C:\Users\G.SRINATH\OneDrive\Documents\Desktop\RETAIL-CHECKOUT-SYSTEM\backend\venv\lib\site-packages\deep_sort_realtime\embedder\embedder_pytorch.py", line 6, in <module>
    import pkg_resources
ModuleNotFoundError: No module named 'pkg_resources'
[2026-07-24 21:18:28,585] WARNING in tracking_service: DeepSORT unavailable. Using centroid/IoU fallback tracker.
[2026-07-24 21:18:28,585] INFO in shopping_agent: ShoppingAgent initialized (entry_confirm=3, exit_timeout=15 frames)
[2026-07-24 21:18:28,587] INFO in __init__: SQLite Database initialized successfully.
[2026-07-24 21:18:28,587] INFO in run: Starting AI Smart Retail Checkout Flask Server on http://localhost:5000
[2026-07-24 21:18:32,756] INFO in __init__: Uploads directory verified: C:\Users\G.SRINATH\OneDrive\Documents\Desktop\RETAIL-CHECKOUT-SYSTEM\backend\static\uploads
[2026-07-24 21:18:34,367] WARNING in detection_service: Custom YOLOv11 model 'best.pt' not found at C:\Users\G.SRINATH\OneDrive\Documents\Desktop\RETAIL-CHECKOUT-SYSTEM\backend\best.pt. Falling back to pre-trained 'C:\Users\G.SRINATH\OneDrive\Documents\Desktop\RETAIL-CHECKOUT-SYSTEM\backend\yolo11n.pt'. It will be downloaded automatically if not present.
[2026-07-24 21:18:34,400] INFO in detection_service: YOLOv11 model successfully loaded.
[2026-07-24 21:18:34,596] ERROR in tracking_service: Failed to initialize DeepSORT tracker.
Traceback (most recent call last):
  File "C:\Users\G.SRINATH\OneDrive\Documents\Desktop\RETAIL-CHECKOUT-SYSTEM\backend\app\services\tracking_service.py", line 31, in _try_init_deepsort
    self.tracker = DeepSort(
  File "C:\Users\G.SRINATH\OneDrive\Documents\Desktop\RETAIL-CHECKOUT-SYSTEM\backend\venv\lib\site-packages\deep_sort_realtime\deepsort_tracker.py", line 104, in __init__
    from deep_sort_realtime.embedder.embedder_pytorch import (
  File "C:\Users\G.SRINATH\OneDrive\Documents\Desktop\RETAIL-CHECKOUT-SYSTEM\backend\venv\lib\site-packages\deep_sort_realtime\embedder\embedder_pytorch.py", line 6, in <module>
    import pkg_resources
ModuleNotFoundError: No module named 'pkg_resources'
[2026-07-24 21:18:34,598] WARNING in tracking_service: DeepSORT unavailable. Using centroid/IoU fallback tracker.
[2026-07-24 21:18:34,598] INFO in shopping_agent: ShoppingAgent initialized (entry_confirm=3, exit_timeout=15 frames)
[2026-07-24 21:18:34,600] INFO in __init__: SQLite Database initialized successfully.
[2026-07-24 21:18:34,601] INFO in run: Starting AI Smart Retail Checkout Flask Server on http://localhost:5000
[2026-07-24 21:19:14,215] INFO in __init__: Uploads directory verified: C:\Users\G.SRINATH\OneDrive\Documents\Desktop\RETAIL-CHECKOUT-SYSTEM\backend\static\uploads
[2026-07-24 21:19:15,786] INFO in detection_service: Loading custom YOLOv11 model from C:\Users\G.SRINATH\OneDrive\Documents\Desktop\RETAIL-CHECKOUT-SYSTEM\backend\yolo11n.pt...
[2026-07-24 21:19:15,820] INFO in detection_service: YOLOv11 model successfully loaded.
[2026-07-24 21:19:16,021] ERROR in tracking_service: Failed to initialize DeepSORT tracker.
Traceback (most recent call last):
  File "C:\Users\G.SRINATH\OneDrive\Documents\Desktop\RETAIL-CHECKOUT-SYSTEM\backend\app\services\tracking_service.py", line 31, in _try_init_deepsort
    self.tracker = DeepSort(
  File "C:\Users\G.SRINATH\OneDrive\Documents\Desktop\RETAIL-CHECKOUT-SYSTEM\backend\venv\lib\site-packages\deep_sort_realtime\deepsort_tracker.py", line 104, in __init__
    from deep_sort_realtime.embedder.embedder_pytorch import (
  File "C:\Users\G.SRINATH\OneDrive\Documents\Desktop\RETAIL-CHECKOUT-SYSTEM\backend\venv\lib\site-packages\deep_sort_realtime\embedder\embedder_pytorch.py", line 6, in <module>
    import pkg_resources
ModuleNotFoundError: No module named 'pkg_resources'
[2026-07-24 21:19:16,022] WARNING in tracking_service: DeepSORT unavailable. Using centroid/IoU fallback tracker.
[2026-07-24 21:19:16,022] INFO in shopping_agent: ShoppingAgent initialized (entry_confirm=3, exit_timeout=15 frames)
[2026-07-24 21:19:16,023] INFO in __init__: SQLite Database initialized successfully.
[2026-07-24 21:19:16,025] INFO in run: Starting AI Smart Retail Checkout Flask Server on http://localhost:5000
[2026-07-24 21:20:07,315] INFO in __init__: Uploads directory verified: C:\Users\G.SRINATH\OneDrive\Documents\Desktop\RETAIL-CHECKOUT-SYSTEM\backend\static\uploads
[2026-07-24 21:20:08,851] WARNING in detection_service: Custom YOLOv11 model 'best.pt' not found at C:\Users\G.SRINATH\OneDrive\Documents\Desktop\RETAIL-CHECKOUT-SYSTEM\backend\best.pt. Falling back to pre-trained 'C:\Users\G.SRINATH\OneDrive\Documents\Desktop\RETAIL-CHECKOUT-SYSTEM\backend\yolo11n.pt'. It will be downloaded automatically if not present.
[2026-07-24 21:20:09,040] ERROR in tracking_service: Failed to initialize DeepSORT tracker.
Traceback (most recent call last):
  File "C:\Users\G.SRINATH\OneDrive\Documents\Desktop\RETAIL-CHECKOUT-SYSTEM\backend\app\services\tracking_service.py", line 31, in _try_init_deepsort
    self.tracker = DeepSort(
  File "C:\Users\G.SRINATH\OneDrive\Documents\Desktop\RETAIL-CHECKOUT-SYSTEM\backend\venv\lib\site-packages\deep_sort_realtime\deepsort_tracker.py", line 104, in __init__
    from deep_sort_realtime.embedder.embedder_pytorch import (
  File "C:\Users\G.SRINATH\OneDrive\Documents\Desktop\RETAIL-CHECKOUT-SYSTEM\backend\venv\lib\site-packages\deep_sort_realtime\embedder\embedder_pytorch.py", line 6, in <module>
    import pkg_resources
ModuleNotFoundError: No module named 'pkg_resources'
[2026-07-24 21:20:09,040] WARNING in tracking_service: DeepSORT unavailable. Using centroid/IoU fallback tracker.
[2026-07-24 21:20:09,041] INFO in shopping_agent: ShoppingAgent initialized (entry_confirm=3, exit_timeout=15 frames)
[2026-07-24 21:20:09,043] INFO in __init__: SQLite Database initialized successfully.
[2026-07-24 21:20:09,043] INFO in run: Starting AI Smart Retail Checkout Flask Server on http://localhost:5000
[2026-07-24 21:20:12,113] INFO in __init__: Uploads directory verified: C:\Users\G.SRINATH\OneDrive\Documents\Desktop\RETAIL-CHECKOUT-SYSTEM\backend\static\uploads
[2026-07-24 21:21:10,677] INFO in __init__: Uploads directory verified: C:\Users\G.SRINATH\OneDrive\Documents\Desktop\RETAIL-CHECKOUT-SYSTEM\backend\static\uploads
[2026-07-24 21:22:16,544] INFO in __init__: Uploads directory verified: C:\Users\G.SRINATH\OneDrive\Documents\Desktop\RETAIL-CHECKOUT-SYSTEM\backend\static\uploads
[2026-07-24 21:22:18,041] WARNING in detection_service: Custom YOLOv11 model 'best.pt' not found at C:\Users\G.SRINATH\OneDrive\Documents\Desktop\RETAIL-CHECKOUT-SYSTEM\backend\best.pt. Falling back to pre-trained 'C:\Users\G.SRINATH\OneDrive\Documents\Desktop\RETAIL-CHECKOUT-SYSTEM\backend\yolo11n.pt'. It will be downloaded automatically if not present.
[2026-07-24 21:22:18,074] INFO in detection_service: YOLOv11 model successfully loaded.
[2026-07-24 21:22:18,284] ERROR in tracking_service: Failed to initialize DeepSORT tracker.
Traceback (most recent call last):
  File "C:\Users\G.SRINATH\OneDrive\Documents\Desktop\RETAIL-CHECKOUT-SYSTEM\backend\app\services\tracking_service.py", line 31, in _try_init_deepsort
    self.tracker = DeepSort(
  File "C:\Users\G.SRINATH\OneDrive\Documents\Desktop\RETAIL-CHECKOUT-SYSTEM\backend\venv\lib\site-packages\deep_sort_realtime\deepsort_tracker.py", line 104, in __init__
    from deep_sort_realtime.embedder.embedder_pytorch import (
  File "C:\Users\G.SRINATH\OneDrive\Documents\Desktop\RETAIL-CHECKOUT-SYSTEM\backend\venv\lib\site-packages\deep_sort_realtime\embedder\embedder_pytorch.py", line 6, in <module>
    import pkg_resources
ModuleNotFoundError: No module named 'pkg_resources'
[2026-07-24 21:22:18,285] WARNING in tracking_service: DeepSORT unavailable. Using centroid/IoU fallback tracker.
[2026-07-24 21:22:18,285] INFO in shopping_agent: ShoppingAgent initialized (entry_confirm=3, exit_timeout=15 frames)
[2026-07-24 21:22:18,287] INFO in __init__: SQLite Database initialized successfully.
[2026-07-24 21:22:18,287] INFO in run: Starting AI Smart Retail Checkout Flask Server on http://localhost:5000
[2026-07-24 21:22:18,535] INFO in __init__: Uploads directory verified: C:\Users\G.SRINATH\OneDrive\Documents\Desktop\RETAIL-CHECKOUT-SYSTEM\backend\static\uploads
[2026-07-24 21:22:20,050] WARNING in detection_service: Custom YOLOv11 model 'best.pt' not found at C:\Users\G.SRINATH\OneDrive\Documents\Desktop\RETAIL-CHECKOUT-SYSTEM\backend\best.pt. Falling back to pre-trained 'C:\Users\G.SRINATH\OneDrive\Documents\Desktop\RETAIL-CHECKOUT-SYSTEM\backend\yolo11n.pt'. It will be downloaded automatically if not present.
[2026-07-24 21:22:20,081] INFO in detection_service: YOLOv11 model successfully loaded.
[2026-07-24 21:22:20,284] ERROR in tracking_service: Failed to initialize DeepSORT tracker.
Traceback (most recent call last):
  File "C:\Users\G.SRINATH\OneDrive\Documents\Desktop\RETAIL-CHECKOUT-SYSTEM\backend\app\services\tracking_service.py", line 31, in _try_init_deepsort
    self.tracker = DeepSort(
  File "C:\Users\G.SRINATH\OneDrive\Documents\Desktop\RETAIL-CHECKOUT-SYSTEM\backend\venv\lib\site-packages\deep_sort_realtime\deepsort_tracker.py", line 104, in __init__
    from deep_sort_realtime.embedder.embedder_pytorch import (
  File "C:\Users\G.SRINATH\OneDrive\Documents\Desktop\RETAIL-CHECKOUT-SYSTEM\backend\venv\lib\site-packages\deep_sort_realtime\embedder\embedder_pytorch.py", line 6, in <module>
    import pkg_resources
ModuleNotFoundError: No module named 'pkg_resources'
[2026-07-24 21:22:20,285] WARNING in tracking_service: DeepSORT unavailable. Using centroid/IoU fallback tracker.
[2026-07-24 21:22:20,285] INFO in shopping_agent: ShoppingAgent initialized (entry_confirm=3, exit_timeout=15 frames)
[2026-07-24 21:22:20,287] INFO in __init__: SQLite Database initialized successfully.
[2026-07-24 21:22:20,287] INFO in run: Starting AI Smart Retail Checkout Flask Server on http://localhost:5000
[2026-07-24 21:24:51,167] INFO in __init__: Uploads directory verified: C:\Users\G.SRINATH\OneDrive\Documents\Desktop\RETAIL-CHECKOUT-SYSTEM\backend\static\uploads
[2026-07-24 21:24:52,710] WARNING in detection_service: Custom YOLOv11 model 'best.pt' not found at C:\Users\G.SRINATH\OneDrive\Documents\Desktop\RETAIL-CHECKOUT-SYSTEM\backend\best.pt. Falling back to pre-trained 'C:\Users\G.SRINATH\OneDrive\Documents\Desktop\RETAIL-CHECKOUT-SYSTEM\backend\yolo11n.pt'. It will be downloaded automatically if not present.
[2026-07-24 21:24:52,742] INFO in detection_service: YOLOv11 model successfully loaded.
[2026-07-24 21:24:52,935] ERROR in tracking_service: Failed to initialize DeepSORT tracker.
Traceback (most recent call last):
  File "C:\Users\G.SRINATH\OneDrive\Documents\Desktop\RETAIL-CHECKOUT-SYSTEM\backend\app\services\tracking_service.py", line 31, in _try_init_deepsort
    self.tracker = DeepSort(
  File "C:\Users\G.SRINATH\OneDrive\Documents\Desktop\RETAIL-CHECKOUT-SYSTEM\backend\venv\lib\site-packages\deep_sort_realtime\deepsort_tracker.py", line 104, in __init__
    from deep_sort_realtime.embedder.embedder_pytorch import (
  File "C:\Users\G.SRINATH\OneDrive\Documents\Desktop\RETAIL-CHECKOUT-SYSTEM\backend\venv\lib\site-packages\deep_sort_realtime\embedder\embedder_pytorch.py", line 6, in <module>
    import pkg_resources
ModuleNotFoundError: No module named 'pkg_resources'
[2026-07-24 21:24:52,940] WARNING in tracking_service: DeepSORT unavailable. Using centroid/IoU fallback tracker.
[2026-07-24 21:24:52,941] INFO in shopping_agent: ShoppingAgent initialized (entry_confirm=3, exit_timeout=15 frames)
[2026-07-24 21:24:52,943] INFO in __init__: SQLite Database initialized successfully.
[2026-07-24 21:24:52,944] INFO in run: Starting AI Smart Retail Checkout Flask Server on http://localhost:5000
[2026-07-24 21:24:58,789] INFO in shopping_agent: ShoppingAgent: basket reset — cart cleared.
[2026-07-24 21:24:58,829] INFO in api: Video saved to: C:\Users\G.SRINATH\OneDrive\Documents\Desktop\RETAIL-CHECKOUT-SYSTEM\backend\static\uploads\upload_5c6d631c_WhatsApp_Video_2026-07-10_at_6.48.12_PM.mp4
[2026-07-24 21:24:58,866] INFO in api: Video: 480x864  16.46 fps  32 frames
[2026-07-24 21:24:58,873] ERROR in tracking_service: Failed to initialize DeepSORT tracker.
Traceback (most recent call last):
  File "C:\Users\G.SRINATH\OneDrive\Documents\Desktop\RETAIL-CHECKOUT-SYSTEM\backend\app\services\tracking_service.py", line 31, in _try_init_deepsort
    self.tracker = DeepSort(
  File "C:\Users\G.SRINATH\OneDrive\Documents\Desktop\RETAIL-CHECKOUT-SYSTEM\backend\venv\lib\site-packages\deep_sort_realtime\deepsort_tracker.py", line 104, in __init__
    from deep_sort_realtime.embedder.embedder_pytorch import (
  File "C:\Users\G.SRINATH\OneDrive\Documents\Desktop\RETAIL-CHECKOUT-SYSTEM\backend\venv\lib\site-packages\deep_sort_realtime\embedder\embedder_pytorch.py", line 6, in <module>
    import pkg_resources
ModuleNotFoundError: No module named 'pkg_resources'
[2026-07-24 21:24:58,874] WARNING in tracking_service: DeepSORT unavailable. Using centroid/IoU fallback tracker.
[2026-07-24 21:24:58,874] INFO in shopping_agent: ShoppingAgent initialized (entry_confirm=3, exit_timeout=15 frames)
[2026-07-24 21:25:05,714] WARNING in error_handlers: Resource not found: 404 Not Found: The requested URL was not found on the server. If you entered the URL manually please check your spelling and try again.
[2026-07-24 21:26:22,684] INFO in __init__: Uploads directory verified: C:\Users\G.SRINATH\OneDrive\Documents\Desktop\RETAIL-CHECKOUT-SYSTEM\backend\static\uploads
[2026-07-24 21:26:24,113] WARNING in detection_service: Custom YOLOv11 model 'best.pt' not found at C:\Users\G.SRINATH\OneDrive\Documents\Desktop\RETAIL-CHECKOUT-SYSTEM\backend\best.pt. Falling back to pre-trained 'C:\Users\G.SRINATH\OneDrive\Documents\Desktop\RETAIL-CHECKOUT-SYSTEM\backend\yolo11n.pt'. It will be downloaded automatically if not present.
[2026-07-24 21:26:24,143] INFO in detection_service: YOLOv11 model successfully loaded.
[2026-07-24 21:26:24,329] ERROR in tracking_service: Failed to initialize DeepSORT tracker.
Traceback (most recent call last):
  File "C:\Users\G.SRINATH\OneDrive\Documents\Desktop\RETAIL-CHECKOUT-SYSTEM\backend\app\services\tracking_service.py", line 31, in _try_init_deepsort
    self.tracker = DeepSort(
  File "C:\Users\G.SRINATH\OneDrive\Documents\Desktop\RETAIL-CHECKOUT-SYSTEM\backend\venv\lib\site-packages\deep_sort_realtime\deepsort_tracker.py", line 104, in __init__
    from deep_sort_realtime.embedder.embedder_pytorch import (
  File "C:\Users\G.SRINATH\OneDrive\Documents\Desktop\RETAIL-CHECKOUT-SYSTEM\backend\venv\lib\site-packages\deep_sort_realtime\embedder\embedder_pytorch.py", line 6, in <module>
    import pkg_resources
ModuleNotFoundError: No module named 'pkg_resources'
[2026-07-24 21:26:24,331] WARNING in tracking_service: DeepSORT unavailable. Using centroid/IoU fallback tracker.
[2026-07-24 21:26:24,331] INFO in shopping_agent: ShoppingAgent initialized (entry_confirm=3, exit_timeout=15 frames)
[2026-07-24 21:26:24,333] INFO in __init__: SQLite Database initialized successfully.
[2026-07-24 21:26:24,333] INFO in run: Starting AI Smart Retail Checkout Flask Server on http://localhost:5000
[2026-07-24 21:26:24,536] INFO in __init__: Uploads directory verified: C:\Users\G.SRINATH\OneDrive\Documents\Desktop\RETAIL-CHECKOUT-SYSTEM\backend\static\uploads
[2026-07-24 21:26:25,979] WARNING in detection_service: Custom YOLOv11 model 'best.pt' not found at C:\Users\G.SRINATH\OneDrive\Documents\Desktop\RETAIL-CHECKOUT-SYSTEM\backend\best.pt. Falling back to pre-trained 'C:\Users\G.SRINATH\OneDrive\Documents\Desktop\RETAIL-CHECKOUT-SYSTEM\backend\yolo11n.pt'. It will be downloaded automatically if not present.
[2026-07-24 21:26:26,011] INFO in detection_service: YOLOv11 model successfully loaded.
[2026-07-24 21:26:26,207] ERROR in tracking_service: Failed to initialize DeepSORT tracker.
Traceback (most recent call last):
  File "C:\Users\G.SRINATH\OneDrive\Documents\Desktop\RETAIL-CHECKOUT-SYSTEM\backend\app\services\tracking_service.py", line 31, in _try_init_deepsort
    self.tracker = DeepSort(
  File "C:\Users\G.SRINATH\OneDrive\Documents\Desktop\RETAIL-CHECKOUT-SYSTEM\backend\venv\lib\site-packages\deep_sort_realtime\deepsort_tracker.py", line 104, in __init__
    from deep_sort_realtime.embedder.embedder_pytorch import (
  File "C:\Users\G.SRINATH\OneDrive\Documents\Desktop\RETAIL-CHECKOUT-SYSTEM\backend\venv\lib\site-packages\deep_sort_realtime\embedder\embedder_pytorch.py", line 6, in <module>
    import pkg_resources
ModuleNotFoundError: No module named 'pkg_resources'
[2026-07-24 21:26:26,208] WARNING in tracking_service: DeepSORT unavailable. Using centroid/IoU fallback tracker.
[2026-07-24 21:26:26,209] INFO in shopping_agent: ShoppingAgent initialized (entry_confirm=3, exit_timeout=15 frames)
[2026-07-24 21:26:26,211] INFO in __init__: SQLite Database initialized successfully.
[2026-07-24 21:26:26,211] INFO in run: Starting AI Smart Retail Checkout Flask Server on http://localhost:5000
[2026-07-24 21:27:36,132] INFO in __init__: Uploads directory verified: C:\Users\G.SRINATH\OneDrive\Documents\Desktop\RETAIL-CHECKOUT-SYSTEM\backend\static\uploads
[2026-07-24 21:27:37,540] WARNING in detection_service: Custom YOLOv11 model 'best.pt' not found at C:\Users\G.SRINATH\OneDrive\Documents\Desktop\RETAIL-CHECKOUT-SYSTEM\backend\best.pt. Falling back to pre-trained 'C:\Users\G.SRINATH\OneDrive\Documents\Desktop\RETAIL-CHECKOUT-SYSTEM\backend\yolo11n.pt'. It will be downloaded automatically if not present.
[2026-07-24 21:27:37,572] INFO in detection_service: YOLOv11 model successfully loaded.
[2026-07-24 21:27:37,769] ERROR in tracking_service: Failed to initialize DeepSORT tracker.
Traceback (most recent call last):
  File "C:\Users\G.SRINATH\OneDrive\Documents\Desktop\RETAIL-CHECKOUT-SYSTEM\backend\app\services\tracking_service.py", line 31, in _try_init_deepsort
    self.tracker = DeepSort(
  File "C:\Users\G.SRINATH\OneDrive\Documents\Desktop\RETAIL-CHECKOUT-SYSTEM\backend\venv\lib\site-packages\deep_sort_realtime\deepsort_tracker.py", line 104, in __init__
    from deep_sort_realtime.embedder.embedder_pytorch import (
  File "C:\Users\G.SRINATH\OneDrive\Documents\Desktop\RETAIL-CHECKOUT-SYSTEM\backend\venv\lib\site-packages\deep_sort_realtime\embedder\embedder_pytorch.py", line 6, in <module>
    import pkg_resources
ModuleNotFoundError: No module named 'pkg_resources'
[2026-07-24 21:27:37,770] WARNING in tracking_service: DeepSORT unavailable. Using centroid/IoU fallback tracker.
[2026-07-24 21:27:37,770] INFO in shopping_agent: ShoppingAgent initialized (entry_confirm=3, exit_timeout=15 frames)
[2026-07-24 21:27:37,772] INFO in __init__: SQLite Database initialized successfully.
[2026-07-24 21:27:37,772] INFO in run: Starting AI Smart Retail Checkout Flask Server on http://localhost:5000
[2026-07-24 21:27:37,989] INFO in __init__: Uploads directory verified: C:\Users\G.SRINATH\OneDrive\Documents\Desktop\RETAIL-CHECKOUT-SYSTEM\backend\static\uploads
[2026-07-24 21:27:39,439] WARNING in detection_service: Custom YOLOv11 model 'best.pt' not found at C:\Users\G.SRINATH\OneDrive\Documents\Desktop\RETAIL-CHECKOUT-SYSTEM\backend\best.pt. Falling back to pre-trained 'C:\Users\G.SRINATH\OneDrive\Documents\Desktop\RETAIL-CHECKOUT-SYSTEM\backend\yolo11n.pt'. It will be downloaded automatically if not present.
[2026-07-24 21:27:39,471] INFO in detection_service: YOLOv11 model successfully loaded.
[2026-07-24 21:27:39,665] ERROR in tracking_service: Failed to initialize DeepSORT tracker.
Traceback (most recent call last):
  File "C:\Users\G.SRINATH\OneDrive\Documents\Desktop\RETAIL-CHECKOUT-SYSTEM\backend\app\services\tracking_service.py", line 31, in _try_init_deepsort
    self.tracker = DeepSort(
  File "C:\Users\G.SRINATH\OneDrive\Documents\Desktop\RETAIL-CHECKOUT-SYSTEM\backend\venv\lib\site-packages\deep_sort_realtime\deepsort_tracker.py", line 104, in __init__
    from deep_sort_realtime.embedder.embedder_pytorch import (
  File "C:\Users\G.SRINATH\OneDrive\Documents\Desktop\RETAIL-CHECKOUT-SYSTEM\backend\venv\lib\site-packages\deep_sort_realtime\embedder\embedder_pytorch.py", line 6, in <module>
    import pkg_resources
ModuleNotFoundError: No module named 'pkg_resources'
[2026-07-24 21:27:39,667] WARNING in tracking_service: DeepSORT unavailable. Using centroid/IoU fallback tracker.
[2026-07-24 21:27:39,678] INFO in shopping_agent: ShoppingAgent initialized (entry_confirm=3, exit_timeout=15 frames)
[2026-07-24 21:27:39,682] INFO in __init__: SQLite Database initialized successfully.
[2026-07-24 21:27:39,683] INFO in run: Starting AI Smart Retail Checkout Flask Server on http://localhost:5000
[2026-07-24 21:27:55,908] WARNING in error_handlers: Resource not found: 404 Not Found: The requested URL was not found on the server. If you entered the URL manually please check your spelling and try again.
[2026-07-24 21:29:10,338] INFO in __init__: Uploads directory verified: C:\Users\G.SRINATH\OneDrive\Documents\Desktop\RETAIL-CHECKOUT-SYSTEM\backend\static\uploads
[2026-07-24 21:29:11,758] WARNING in detection_service: Custom YOLOv11 model 'best.pt' not found at C:\Users\G.SRINATH\OneDrive\Documents\Desktop\RETAIL-CHECKOUT-SYSTEM\backend\best.pt. Falling back to pre-trained 'C:\Users\G.SRINATH\OneDrive\Documents\Desktop\RETAIL-CHECKOUT-SYSTEM\backend\yolo11n.pt'. It will be downloaded automatically if not present.
[2026-07-24 21:29:11,789] INFO in detection_service: YOLOv11 model successfully loaded.
[2026-07-24 21:29:11,982] ERROR in tracking_service: Failed to initialize DeepSORT tracker.
Traceback (most recent call last):
  File "C:\Users\G.SRINATH\OneDrive\Documents\Desktop\RETAIL-CHECKOUT-SYSTEM\backend\app\services\tracking_service.py", line 31, in _try_init_deepsort
    self.tracker = DeepSort(
  File "C:\Users\G.SRINATH\OneDrive\Documents\Desktop\RETAIL-CHECKOUT-SYSTEM\backend\venv\lib\site-packages\deep_sort_realtime\deepsort_tracker.py", line 104, in __init__
    from deep_sort_realtime.embedder.embedder_pytorch import (
  File "C:\Users\G.SRINATH\OneDrive\Documents\Desktop\RETAIL-CHECKOUT-SYSTEM\backend\venv\lib\site-packages\deep_sort_realtime\embedder\embedder_pytorch.py", line 6, in <module>
    import pkg_resources
ModuleNotFoundError: No module named 'pkg_resources'
[2026-07-24 21:29:11,983] WARNING in tracking_service: DeepSORT unavailable. Using centroid/IoU fallback tracker.
[2026-07-24 21:29:11,983] INFO in shopping_agent: ShoppingAgent initialized (entry_confirm=3, exit_timeout=15 frames)
[2026-07-24 21:29:11,985] INFO in __init__: SQLite Database initialized successfully.
[2026-07-24 21:29:11,985] INFO in run: Starting AI Smart Retail Checkout Flask Server on http://localhost:5000
[2026-07-24 21:29:12,200] INFO in __init__: Uploads directory verified: C:\Users\G.SRINATH\OneDrive\Documents\Desktop\RETAIL-CHECKOUT-SYSTEM\backend\static\uploads
[2026-07-24 21:29:13,599] WARNING in detection_service: Custom YOLOv11 model 'best.pt' not found at C:\Users\G.SRINATH\OneDrive\Documents\Desktop\RETAIL-CHECKOUT-SYSTEM\backend\best.pt. Falling back to pre-trained 'C:\Users\G.SRINATH\OneDrive\Documents\Desktop\RETAIL-CHECKOUT-SYSTEM\backend\yolo11n.pt'. It will be downloaded automatically if not present.
[2026-07-24 21:29:13,630] INFO in detection_service: YOLOv11 model successfully loaded.
[2026-07-24 21:29:13,814] ERROR in tracking_service: Failed to initialize DeepSORT tracker.
Traceback (most recent call last):
  File "C:\Users\G.SRINATH\OneDrive\Documents\Desktop\RETAIL-CHECKOUT-SYSTEM\backend\app\services\tracking_service.py", line 31, in _try_init_deepsort
    self.tracker = DeepSort(
  File "C:\Users\G.SRINATH\OneDrive\Documents\Desktop\RETAIL-CHECKOUT-SYSTEM\backend\venv\lib\site-packages\deep_sort_realtime\deepsort_tracker.py", line 104, in __init__
    from deep_sort_realtime.embedder.embedder_pytorch import (
  File "C:\Users\G.SRINATH\OneDrive\Documents\Desktop\RETAIL-CHECKOUT-SYSTEM\backend\venv\lib\site-packages\deep_sort_realtime\embedder\embedder_pytorch.py", line 6, in <module>
    import pkg_resources
ModuleNotFoundError: No module named 'pkg_resources'
[2026-07-24 21:29:13,815] WARNING in tracking_service: DeepSORT unavailable. Using centroid/IoU fallback tracker.
[2026-07-24 21:29:13,816] INFO in shopping_agent: ShoppingAgent initialized (entry_confirm=3, exit_timeout=15 frames)
[2026-07-24 21:29:13,817] INFO in __init__: SQLite Database initialized successfully.
[2026-07-24 21:29:13,818] INFO in run: Starting AI Smart Retail Checkout Flask Server on http://localhost:5000
[2026-07-24 21:32:36,103] INFO in __init__: Uploads directory verified: C:\Users\G.SRINATH\OneDrive\Documents\Desktop\RETAIL-CHECKOUT-SYSTEM\backend\static\uploads
[2026-07-24 21:32:37,533] WARNING in detection_service: Custom YOLOv11 model 'best.pt' not found at C:\Users\G.SRINATH\OneDrive\Documents\Desktop\RETAIL-CHECKOUT-SYSTEM\backend\best.pt. Falling back to pre-trained 'C:\Users\G.SRINATH\OneDrive\Documents\Desktop\RETAIL-CHECKOUT-SYSTEM\backend\yolo11n.pt'. It will be downloaded automatically if not present.
[2026-07-24 21:32:37,563] INFO in detection_service: YOLOv11 model successfully loaded.
[2026-07-24 21:32:37,758] ERROR in tracking_service: Failed to initialize DeepSORT tracker.
Traceback (most recent call last):
  File "C:\Users\G.SRINATH\OneDrive\Documents\Desktop\RETAIL-CHECKOUT-SYSTEM\backend\app\services\tracking_service.py", line 31, in _try_init_deepsort
    self.tracker = DeepSort(
  File "C:\Users\G.SRINATH\OneDrive\Documents\Desktop\RETAIL-CHECKOUT-SYSTEM\backend\venv\lib\site-packages\deep_sort_realtime\deepsort_tracker.py", line 104, in __init__
    from deep_sort_realtime.embedder.embedder_pytorch import (
  File "C:\Users\G.SRINATH\OneDrive\Documents\Desktop\RETAIL-CHECKOUT-SYSTEM\backend\venv\lib\site-packages\deep_sort_realtime\embedder\embedder_pytorch.py", line 6, in <module>
    import pkg_resources
ModuleNotFoundError: No module named 'pkg_resources'
[2026-07-24 21:32:37,759] WARNING in tracking_service: DeepSORT unavailable. Using centroid/IoU fallback tracker.
[2026-07-24 21:32:37,759] INFO in shopping_agent: ShoppingAgent initialized (entry_confirm=3, exit_timeout=15 frames)
[2026-07-24 21:32:37,761] INFO in __init__: SQLite Database initialized successfully.
[2026-07-24 21:32:37,761] INFO in run: Starting AI Smart Retail Checkout Flask Server on http://localhost:5000
[2026-07-24 21:32:37,956] INFO in __init__: Uploads directory verified: C:\Users\G.SRINATH\OneDrive\Documents\Desktop\RETAIL-CHECKOUT-SYSTEM\backend\static\uploads
[2026-07-24 21:32:39,387] WARNING in detection_service: Custom YOLOv11 model 'best.pt' not found at C:\Users\G.SRINATH\OneDrive\Documents\Desktop\RETAIL-CHECKOUT-SYSTEM\backend\best.pt. Falling back to pre-trained 'C:\Users\G.SRINATH\OneDrive\Documents\Desktop\RETAIL-CHECKOUT-SYSTEM\backend\yolo11n.pt'. It will be downloaded automatically if not present.
[2026-07-24 21:32:39,417] INFO in detection_service: YOLOv11 model successfully loaded.
[2026-07-24 21:32:39,599] ERROR in tracking_service: Failed to initialize DeepSORT tracker.
Traceback (most recent call last):
  File "C:\Users\G.SRINATH\OneDrive\Documents\Desktop\RETAIL-CHECKOUT-SYSTEM\backend\app\services\tracking_service.py", line 31, in _try_init_deepsort
    self.tracker = DeepSort(
  File "C:\Users\G.SRINATH\OneDrive\Documents\Desktop\RETAIL-CHECKOUT-SYSTEM\backend\venv\lib\site-packages\deep_sort_realtime\deepsort_tracker.py", line 104, in __init__
    from deep_sort_realtime.embedder.embedder_pytorch import (
  File "C:\Users\G.SRINATH\OneDrive\Documents\Desktop\RETAIL-CHECKOUT-SYSTEM\backend\venv\lib\site-packages\deep_sort_realtime\embedder\embedder_pytorch.py", line 6, in <module>
    import pkg_resources
ModuleNotFoundError: No module named 'pkg_resources'
[2026-07-24 21:32:39,600] WARNING in tracking_service: DeepSORT unavailable. Using centroid/IoU fallback tracker.
[2026-07-24 21:32:39,600] INFO in shopping_agent: ShoppingAgent initialized (entry_confirm=3, exit_timeout=15 frames)
[2026-07-24 21:32:39,602] INFO in __init__: SQLite Database initialized successfully.
[2026-07-24 21:32:39,602] INFO in run: Starting AI Smart Retail Checkout Flask Server on http://localhost:5000
[2026-07-24 21:34:15,096] INFO in __init__: Uploads directory verified: C:\Users\G.SRINATH\OneDrive\Documents\Desktop\RETAIL-CHECKOUT-SYSTEM\backend\static\uploads
[2026-07-24 21:34:16,597] WARNING in detection_service: Custom YOLOv11 model 'best.pt' not found at C:\Users\G.SRINATH\OneDrive\Documents\Desktop\RETAIL-CHECKOUT-SYSTEM\backend\best.pt. Falling back to pre-trained 'C:\Users\G.SRINATH\OneDrive\Documents\Desktop\RETAIL-CHECKOUT-SYSTEM\backend\yolo11n.pt'. It will be downloaded automatically if not present.
[2026-07-24 21:34:16,634] INFO in detection_service: YOLOv11 model successfully loaded.
[2026-07-24 21:34:16,840] ERROR in tracking_service: Failed to initialize DeepSORT tracker.
Traceback (most recent call last):
  File "C:\Users\G.SRINATH\OneDrive\Documents\Desktop\RETAIL-CHECKOUT-SYSTEM\backend\app\services\tracking_service.py", line 31, in _try_init_deepsort
    self.tracker = DeepSort(
  File "C:\Users\G.SRINATH\OneDrive\Documents\Desktop\RETAIL-CHECKOUT-SYSTEM\backend\venv\lib\site-packages\deep_sort_realtime\deepsort_tracker.py", line 104, in __init__
    from deep_sort_realtime.embedder.embedder_pytorch import (
  File "C:\Users\G.SRINATH\OneDrive\Documents\Desktop\RETAIL-CHECKOUT-SYSTEM\backend\venv\lib\site-packages\deep_sort_realtime\embedder\embedder_pytorch.py", line 6, in <module>
    import pkg_resources
ModuleNotFoundError: No module named 'pkg_resources'
[2026-07-24 21:34:16,841] WARNING in tracking_service: DeepSORT unavailable. Using centroid/IoU fallback tracker.
[2026-07-24 21:34:16,841] INFO in shopping_agent: ShoppingAgent initialized (entry_confirm=3, exit_timeout=15 frames)
[2026-07-24 21:34:16,843] INFO in __init__: SQLite Database initialized successfully.
[2026-07-24 21:34:16,843] INFO in run: Starting AI Smart Retail Checkout Flask Server on http://localhost:5000
[2026-07-24 21:34:17,065] INFO in __init__: Uploads directory verified: C:\Users\G.SRINATH\OneDrive\Documents\Desktop\RETAIL-CHECKOUT-SYSTEM\backend\static\uploads
[2026-07-24 21:34:18,492] WARNING in detection_service: Custom YOLOv11 model 'best.pt' not found at C:\Users\G.SRINATH\OneDrive\Documents\Desktop\RETAIL-CHECKOUT-SYSTEM\backend\best.pt. Falling back to pre-trained 'C:\Users\G.SRINATH\OneDrive\Documents\Desktop\RETAIL-CHECKOUT-SYSTEM\backend\yolo11n.pt'. It will be downloaded automatically if not present.
[2026-07-24 21:34:18,523] INFO in detection_service: YOLOv11 model successfully loaded.
[2026-07-24 21:34:18,713] ERROR in tracking_service: Failed to initialize DeepSORT tracker.
Traceback (most recent call last):
  File "C:\Users\G.SRINATH\OneDrive\Documents\Desktop\RETAIL-CHECKOUT-SYSTEM\backend\app\services\tracking_service.py", line 31, in _try_init_deepsort
    self.tracker = DeepSort(
  File "C:\Users\G.SRINATH\OneDrive\Documents\Desktop\RETAIL-CHECKOUT-SYSTEM\backend\venv\lib\site-packages\deep_sort_realtime\deepsort_tracker.py", line 104, in __init__
    from deep_sort_realtime.embedder.embedder_pytorch import (
  File "C:\Users\G.SRINATH\OneDrive\Documents\Desktop\RETAIL-CHECKOUT-SYSTEM\backend\venv\lib\site-packages\deep_sort_realtime\embedder\embedder_pytorch.py", line 6, in <module>
    import pkg_resources
ModuleNotFoundError: No module named 'pkg_resources'
[2026-07-24 21:34:18,713] WARNING in tracking_service: DeepSORT unavailable. Using centroid/IoU fallback tracker.
[2026-07-24 21:34:18,714] INFO in shopping_agent: ShoppingAgent initialized (entry_confirm=3, exit_timeout=15 frames)
[2026-07-24 21:34:18,716] INFO in __init__: SQLite Database initialized successfully.
[2026-07-24 21:34:18,716] INFO in run: Starting AI Smart Retail Checkout Flask Server on http://localhost:5000
[2026-07-24 21:36:37,840] INFO in __init__: Uploads directory verified: C:\Users\G.SRINATH\OneDrive\Documents\Desktop\RETAIL-CHECKOUT-SYSTEM\backend\static\uploads
[2026-07-24 21:36:39,321] WARNING in detection_service: Custom YOLOv11 model 'best.pt' not found at C:\Users\G.SRINATH\OneDrive\Documents\Desktop\RETAIL-CHECKOUT-SYSTEM\backend\best.pt. Falling back to pre-trained 'C:\Users\G.SRINATH\OneDrive\Documents\Desktop\RETAIL-CHECKOUT-SYSTEM\backend\yolo11n.pt'. It will be downloaded automatically if not present.
[2026-07-24 21:36:39,354] INFO in detection_service: YOLOv11 model successfully loaded.
[2026-07-24 21:36:40,867] INFO in tracking_service: DeepSORT tracker initialized successfully (embedder=MobileNet, max_age=30, n_init=3, cosine_dist=0.30)
[2026-07-24 21:36:40,867] INFO in shopping_agent: ShoppingAgent initialized (entry_confirm=3, exit_timeout=15 frames)
[2026-07-24 21:36:40,870] INFO in __init__: SQLite Database initialized successfully.
[2026-07-24 21:36:40,870] INFO in run: Starting AI Smart Retail Checkout Flask Server on http://localhost:5000
[2026-07-24 21:36:41,129] INFO in __init__: Uploads directory verified: C:\Users\G.SRINATH\OneDrive\Documents\Desktop\RETAIL-CHECKOUT-SYSTEM\backend\static\uploads
[2026-07-24 21:36:42,971] WARNING in detection_service: Custom YOLOv11 model 'best.pt' not found at C:\Users\G.SRINATH\OneDrive\Documents\Desktop\RETAIL-CHECKOUT-SYSTEM\backend\best.pt. Falling back to pre-trained 'C:\Users\G.SRINATH\OneDrive\Documents\Desktop\RETAIL-CHECKOUT-SYSTEM\backend\yolo11n.pt'. It will be downloaded automatically if not present.
[2026-07-24 21:36:43,005] INFO in detection_service: YOLOv11 model successfully loaded.
[2026-07-24 21:36:44,452] INFO in tracking_service: DeepSORT tracker initialized successfully (embedder=MobileNet, max_age=30, n_init=3, cosine_dist=0.30)
[2026-07-24 21:36:44,452] INFO in shopping_agent: ShoppingAgent initialized (entry_confirm=3, exit_timeout=15 frames)
[2026-07-24 21:36:44,458] INFO in __init__: SQLite Database initialized successfully.
[2026-07-24 21:36:44,458] INFO in run: Starting AI Smart Retail Checkout Flask Server on http://localhost:5000
[2026-07-24 21:38:19,317] INFO in __init__: Uploads directory verified: C:\Users\G.SRINATH\OneDrive\Documents\Desktop\RETAIL-CHECKOUT-SYSTEM\backend\static\uploads
[2026-07-24 21:38:20,782] WARNING in detection_service: Custom YOLOv11 model 'best.pt' not found at C:\Users\G.SRINATH\OneDrive\Documents\Desktop\RETAIL-CHECKOUT-SYSTEM\backend\best.pt. Falling back to pre-trained 'C:\Users\G.SRINATH\OneDrive\Documents\Desktop\RETAIL-CHECKOUT-SYSTEM\backend\yolo11n.pt'. It will be downloaded automatically if not present.
[2026-07-24 21:38:20,811] INFO in detection_service: YOLOv11 model successfully loaded.
[2026-07-24 21:38:22,170] INFO in tracking_service: DeepSORT tracker initialized successfully (embedder=MobileNet, max_age=30, n_init=3, cosine_dist=0.30)
[2026-07-24 21:38:22,170] INFO in shopping_agent: ShoppingAgent initialized (entry_confirm=3, exit_timeout=15 frames)
[2026-07-24 21:38:22,172] INFO in __init__: SQLite Database initialized successfully.
[2026-07-24 21:38:22,172] INFO in run: Starting AI Smart Retail Checkout Flask Server on http://localhost:5000
[2026-07-24 21:38:22,364] INFO in __init__: Uploads directory verified: C:\Users\G.SRINATH\OneDrive\Documents\Desktop\RETAIL-CHECKOUT-SYSTEM\backend\static\uploads
[2026-07-24 21:38:23,784] WARNING in detection_service: Custom YOLOv11 model 'best.pt' not found at C:\Users\G.SRINATH\OneDrive\Documents\Desktop\RETAIL-CHECKOUT-SYSTEM\backend\best.pt. Falling back to pre-trained 'C:\Users\G.SRINATH\OneDrive\Documents\Desktop\RETAIL-CHECKOUT-SYSTEM\backend\yolo11n.pt'. It will be downloaded automatically if not present.
[2026-07-24 21:38:23,816] INFO in detection_service: YOLOv11 model successfully loaded.
[2026-07-24 21:38:25,195] INFO in tracking_service: DeepSORT tracker initialized successfully (embedder=MobileNet, max_age=30, n_init=3, cosine_dist=0.30)
[2026-07-24 21:38:25,195] INFO in shopping_agent: ShoppingAgent initialized (entry_confirm=3, exit_timeout=15 frames)
[2026-07-24 21:38:25,198] INFO in __init__: SQLite Database initialized successfully.
[2026-07-24 21:38:25,198] INFO in run: Starting AI Smart Retail Checkout Flask Server on http://localhost:5000
[2026-07-24 21:50:49,693] INFO in shopping_agent: ShoppingAgent: basket reset — cart cleared.
[2026-07-24 21:50:49,811] INFO in api: Video saved to: C:\Users\G.SRINATH\OneDrive\Documents\Desktop\RETAIL-CHECKOUT-SYSTEM\backend\static\uploads\upload_8cce62d1_Personwithlaptop.mp4
[2026-07-24 21:50:49,894] INFO in api: Video: 1920x1080  25.00 fps  510 frames
[2026-07-24 21:50:50,079] INFO in tracking_service: DeepSORT tracker initialized successfully (embedder=MobileNet, max_age=30, n_init=3, cosine_dist=0.30)
[2026-07-24 21:50:50,080] INFO in shopping_agent: ShoppingAgent initialized (entry_confirm=3, exit_timeout=15 frames)
[2026-07-24 21:52:09,425] WARNING in error_handlers: Resource not found: 404 Not Found: The requested URL was not found on the server. If you entered the URL manually please check your spelling and try again.
[2026-07-24 21:52:34,407] INFO in shopping_agent: ShoppingAgent: basket reset — cart cleared.
[2026-07-24 21:52:44,654] INFO in shopping_agent: ShoppingAgent: basket reset — cart cleared.
[2026-07-24 21:53:06,953] INFO in shopping_agent: ShoppingAgent: basket reset — cart cleared.
[2026-07-24 21:53:07,269] INFO in api: Video saved to: C:\Users\G.SRINATH\OneDrive\Documents\Desktop\RETAIL-CHECKOUT-SYSTEM\backend\static\uploads\upload_41f5df78_Tablecoffee.mp4
[2026-07-24 21:53:07,294] INFO in api: Video: 1080x1920  25.00 fps  227 frames
[2026-07-24 21:53:07,558] INFO in tracking_service: DeepSORT tracker initialized successfully (embedder=MobileNet, max_age=30, n_init=3, cosine_dist=0.30)
[2026-07-24 21:53:07,558] INFO in shopping_agent: ShoppingAgent initialized (entry_confirm=3, exit_timeout=15 frames)
[2026-07-24 21:53:38,938] WARNING in error_handlers: Resource not found: 404 Not Found: The requested URL was not found on the server. If you entered the URL manually please check your spelling and try again.
[2026-07-24 21:54:14,337] INFO in shopping_agent: ShoppingAgent: basket reset — cart cleared.
[2026-07-24 22:13:00,001] INFO in shopping_agent: ShoppingAgent: basket reset — cart cleared.
[2026-07-24 22:13:06,870] INFO in shopping_agent: ShoppingAgent: basket reset — cart cleared.
[2026-07-24 22:13:07,168] INFO in api: Video saved to: C:\Users\G.SRINATH\OneDrive\Documents\Desktop\RETAIL-CHECKOUT-SYSTEM\backend\static\uploads\upload_1cf0fcca_6632883-hd_1080_1920_25fps.mp4
[2026-07-24 22:13:07,217] INFO in api: Video: 1080x1920  25.00 fps  177 frames
[2026-07-24 22:13:07,401] INFO in tracking_service: DeepSORT tracker initialized successfully (embedder=MobileNet, max_age=30, n_init=3, cosine_dist=0.30)
[2026-07-24 22:13:07,401] INFO in shopping_agent: ShoppingAgent initialized (entry_confirm=3, exit_timeout=15 frames)
[2026-07-24 22:13:38,218] WARNING in error_handlers: Resource not found: 404 Not Found: The requested URL was not found on the server. If you entered the URL manually please check your spelling and try again.
[2026-07-24 22:14:01,227] INFO in shopping_agent: ShoppingAgent: basket reset — cart cleared.
[2026-07-24 22:14:16,806] INFO in shopping_agent: ShoppingAgent: basket reset — cart cleared.
[2026-07-24 22:14:17,198] INFO in api: Video saved to: C:\Users\G.SRINATH\OneDrive\Documents\Desktop\RETAIL-CHECKOUT-SYSTEM\backend\static\uploads\upload_85e8f637_Personwithlaptop.mp4
[2026-07-24 22:14:17,220] INFO in api: Video: 1920x1080  25.00 fps  510 frames
[2026-07-24 22:14:17,374] INFO in tracking_service: DeepSORT tracker initialized successfully (embedder=MobileNet, max_age=30, n_init=3, cosine_dist=0.30)
[2026-07-24 22:14:17,374] INFO in shopping_agent: ShoppingAgent initialized (entry_confirm=3, exit_timeout=15 frames)
[2026-07-24 22:15:45,076] WARNING in error_handlers: Resource not found: 404 Not Found: The requested URL was not found on the server. If you entered the URL manually please check your spelling and try again.
[2026-07-24 22:17:41,773] INFO in __init__: Uploads directory verified: C:\Users\G.SRINATH\OneDrive\Documents\Desktop\RETAIL-CHECKOUT-SYSTEM\backend\static\uploads
[2026-07-24 22:17:43,520] WARNING in detection_service: Custom YOLOv11 model 'best.pt' not found at C:\Users\G.SRINATH\OneDrive\Documents\Desktop\RETAIL-CHECKOUT-SYSTEM\backend\best.pt. Falling back to pre-trained 'C:\Users\G.SRINATH\OneDrive\Documents\Desktop\RETAIL-CHECKOUT-SYSTEM\backend\yolo11n.pt'. It will be downloaded automatically if not present.
[2026-07-24 22:17:43,557] INFO in detection_service: YOLOv11 model successfully loaded.
[2026-07-24 22:17:46,002] INFO in tracking_service: DeepSORT tracker initialized successfully (embedder=MobileNet, max_age=30, n_init=3, cosine_dist=0.30)
[2026-07-24 22:17:46,003] INFO in shopping_agent: ShoppingAgent initialized (entry_confirm=3, exit_timeout=15 frames)
[2026-07-24 22:17:46,008] INFO in __init__: SQLite Database initialized successfully.
[2026-07-24 22:17:46,008] INFO in run: Starting AI Smart Retail Checkout Flask Server on http://localhost:5000
[2026-07-24 22:17:59,130] INFO in __init__: Uploads directory verified: C:\Users\G.SRINATH\OneDrive\Documents\Desktop\RETAIL-CHECKOUT-SYSTEM\backend\static\uploads
[2026-07-24 22:18:06,098] WARNING in detection_service: Custom YOLOv11 model 'best.pt' not found at C:\Users\G.SRINATH\OneDrive\Documents\Desktop\RETAIL-CHECKOUT-SYSTEM\backend\best.pt. Falling back to pre-trained 'C:\Users\G.SRINATH\OneDrive\Documents\Desktop\RETAIL-CHECKOUT-SYSTEM\backend\yolo11n.pt'. It will be downloaded automatically if not present.
[2026-07-24 22:18:06,322] INFO in detection_service: YOLOv11 model successfully loaded.
[2026-07-24 22:18:07,902] INFO in tracking_service: DeepSORT tracker initialized successfully (embedder=MobileNet, max_age=30, n_init=3, cosine_dist=0.30)
[2026-07-24 22:18:07,902] INFO in shopping_agent: ShoppingAgent initialized (entry_confirm=3, exit_timeout=15 frames)
[2026-07-24 22:18:07,930] INFO in __init__: SQLite Database initialized successfully.
[2026-07-24 22:18:07,962] INFO in __init__: Uploads directory verified: C:\Users\G.SRINATH\OneDrive\Documents\Desktop\RETAIL-CHECKOUT-SYSTEM\backend\static\uploads
[2026-07-24 22:18:07,987] INFO in __init__: SQLite Database initialized successfully.
[2026-07-24 22:18:08,022] INFO in shopping_agent: ShoppingAgent: basket reset — cart cleared.
[2026-07-24 22:18:08,026] INFO in __init__: Uploads directory verified: C:\Users\G.SRINATH\OneDrive\Documents\Desktop\RETAIL-CHECKOUT-SYSTEM\backend\static\uploads
[2026-07-24 22:18:08,052] INFO in __init__: SQLite Database initialized successfully.
[2026-07-24 22:18:11,397] INFO in __init__: Uploads directory verified: C:\Users\G.SRINATH\OneDrive\Documents\Desktop\RETAIL-CHECKOUT-SYSTEM\backend\static\uploads
[2026-07-24 22:18:11,425] INFO in __init__: SQLite Database initialized successfully.
[2026-07-24 22:18:11,521] INFO in api: Video saved to: C:\Users\G.SRINATH\OneDrive\Documents\Desktop\RETAIL-CHECKOUT-SYSTEM\backend\static\uploads\upload_21c6191a_test_video.mp4
[2026-07-24 22:18:11,541] INFO in api: Video: 320x240  10.00 fps  15 frames
[2026-07-24 22:18:11,667] INFO in tracking_service: DeepSORT tracker initialized successfully (embedder=MobileNet, max_age=30, n_init=3, cosine_dist=0.30)
[2026-07-24 22:18:11,667] INFO in shopping_agent: ShoppingAgent initialized (entry_confirm=3, exit_timeout=15 frames)
[2026-07-24 22:18:12,101] INFO in __init__: Uploads directory verified: C:\Users\G.SRINATH\OneDrive\Documents\Desktop\RETAIL-CHECKOUT-SYSTEM\backend\static\uploads
[2026-07-24 22:18:12,129] INFO in __init__: SQLite Database initialized successfully.
[2026-07-24 22:18:12,143] INFO in __init__: Uploads directory verified: C:\Users\G.SRINATH\OneDrive\Documents\Desktop\RETAIL-CHECKOUT-SYSTEM\backend\static\uploads
[2026-07-24 22:18:12,178] INFO in __init__: SQLite Database initialized successfully.
[2026-07-24 22:18:12,186] INFO in __init__: Uploads directory verified: C:\Users\G.SRINATH\OneDrive\Documents\Desktop\RETAIL-CHECKOUT-SYSTEM\backend\static\uploads
[2026-07-24 22:18:12,213] INFO in __init__: SQLite Database initialized successfully.
[2026-07-24 22:18:12,221] INFO in __init__: Uploads directory verified: C:\Users\G.SRINATH\OneDrive\Documents\Desktop\RETAIL-CHECKOUT-SYSTEM\backend\static\uploads
[2026-07-24 22:18:12,249] INFO in __init__: SQLite Database initialized successfully.
[2026-07-24 22:18:12,254] INFO in __init__: Uploads directory verified: C:\Users\G.SRINATH\OneDrive\Documents\Desktop\RETAIL-CHECKOUT-SYSTEM\backend\static\uploads
[2026-07-24 22:18:12,279] INFO in __init__: SQLite Database initialized successfully.
[2026-07-24 22:18:12,285] INFO in __init__: Uploads directory verified: C:\Users\G.SRINATH\OneDrive\Documents\Desktop\RETAIL-CHECKOUT-SYSTEM\backend\static\uploads
[2026-07-24 22:18:12,311] INFO in __init__: SQLite Database initialized successfully.
[2026-07-24 22:18:12,317] INFO in __init__: Uploads directory verified: C:\Users\G.SRINATH\OneDrive\Documents\Desktop\RETAIL-CHECKOUT-SYSTEM\backend\static\uploads
[2026-07-24 22:18:12,341] INFO in __init__: SQLite Database initialized successfully.
[2026-07-24 22:18:12,349] INFO in __init__: Uploads directory verified: C:\Users\G.SRINATH\OneDrive\Documents\Desktop\RETAIL-CHECKOUT-SYSTEM\backend\static\uploads
[2026-07-24 22:18:12,374] INFO in __init__: SQLite Database initialized successfully.
[2026-07-24 22:18:12,380] INFO in __init__: Uploads directory verified: C:\Users\G.SRINATH\OneDrive\Documents\Desktop\RETAIL-CHECKOUT-SYSTEM\backend\static\uploads
[2026-07-24 22:18:12,403] INFO in __init__: SQLite Database initialized successfully.
[2026-07-24 22:18:12,410] INFO in __init__: Uploads directory verified: C:\Users\G.SRINATH\OneDrive\Documents\Desktop\RETAIL-CHECKOUT-SYSTEM\backend\static\uploads
[2026-07-24 22:18:12,435] INFO in __init__: SQLite Database initialized successfully.
[2026-07-24 22:18:12,441] INFO in __init__: Uploads directory verified: C:\Users\G.SRINATH\OneDrive\Documents\Desktop\RETAIL-CHECKOUT-SYSTEM\backend\static\uploads
[2026-07-24 22:18:12,464] INFO in __init__: SQLite Database initialized successfully.
[2026-07-24 22:18:12,471] INFO in __init__: Uploads directory verified: C:\Users\G.SRINATH\OneDrive\Documents\Desktop\RETAIL-CHECKOUT-SYSTEM\backend\static\uploads
[2026-07-24 22:18:12,493] INFO in __init__: SQLite Database initialized successfully.
[2026-07-24 22:18:12,502] INFO in __init__: Uploads directory verified: C:\Users\G.SRINATH\OneDrive\Documents\Desktop\RETAIL-CHECKOUT-SYSTEM\backend\static\uploads
[2026-07-24 22:18:12,526] INFO in __init__: SQLite Database initialized successfully.
[2026-07-24 22:18:12,533] INFO in __init__: Uploads directory verified: C:\Users\G.SRINATH\OneDrive\Documents\Desktop\RETAIL-CHECKOUT-SYSTEM\backend\static\uploads
[2026-07-24 22:18:12,557] INFO in __init__: SQLite Database initialized successfully.
[2026-07-24 22:18:12,564] INFO in __init__: Uploads directory verified: C:\Users\G.SRINATH\OneDrive\Documents\Desktop\RETAIL-CHECKOUT-SYSTEM\backend\static\uploads
[2026-07-24 22:18:12,590] INFO in __init__: SQLite Database initialized successfully.
[2026-07-24 22:18:12,597] INFO in __init__: Uploads directory verified: C:\Users\G.SRINATH\OneDrive\Documents\Desktop\RETAIL-CHECKOUT-SYSTEM\backend\static\uploads
[2026-07-24 22:18:12,622] INFO in __init__: SQLite Database initialized successfully.
[2026-07-24 22:18:12,629] INFO in __init__: Uploads directory verified: C:\Users\G.SRINATH\OneDrive\Documents\Desktop\RETAIL-CHECKOUT-SYSTEM\backend\static\uploads
[2026-07-24 22:18:12,653] INFO in __init__: SQLite Database initialized successfully.
[2026-07-24 22:18:12,661] INFO in __init__: Uploads directory verified: C:\Users\G.SRINATH\OneDrive\Documents\Desktop\RETAIL-CHECKOUT-SYSTEM\backend\static\uploads
[2026-07-24 22:18:12,687] INFO in __init__: SQLite Database initialized successfully.
[2026-07-24 22:18:12,696] INFO in shopping_agent: ShoppingAgent initialized (entry_confirm=3, exit_timeout=15 frames)
[2026-07-24 22:18:12,717] INFO in __init__: Uploads directory verified: C:\Users\G.SRINATH\OneDrive\Documents\Desktop\RETAIL-CHECKOUT-SYSTEM\backend\static\uploads
[2026-07-24 22:18:12,743] INFO in __init__: SQLite Database initialized successfully.
[2026-07-24 22:18:12,752] INFO in shopping_agent: ShoppingAgent initialized (entry_confirm=3, exit_timeout=15 frames)
[2026-07-24 22:18:12,778] INFO in __init__: Uploads directory verified: C:\Users\G.SRINATH\OneDrive\Documents\Desktop\RETAIL-CHECKOUT-SYSTEM\backend\static\uploads
[2026-07-24 22:18:12,805] INFO in __init__: SQLite Database initialized successfully.
[2026-07-24 22:18:12,813] INFO in shopping_agent: ShoppingAgent initialized (entry_confirm=3, exit_timeout=15 frames)
[2026-07-24 22:18:12,826] INFO in __init__: Uploads directory verified: C:\Users\G.SRINATH\OneDrive\Documents\Desktop\RETAIL-CHECKOUT-SYSTEM\backend\static\uploads
[2026-07-24 22:18:12,850] INFO in __init__: SQLite Database initialized successfully.
[2026-07-24 22:18:12,859] INFO in shopping_agent: ShoppingAgent initialized (entry_confirm=3, exit_timeout=15 frames)
[2026-07-24 22:18:12,871] INFO in __init__: Uploads directory verified: C:\Users\G.SRINATH\OneDrive\Documents\Desktop\RETAIL-CHECKOUT-SYSTEM\backend\static\uploads
[2026-07-24 22:18:12,895] INFO in __init__: SQLite Database initialized successfully.
[2026-07-24 22:18:12,903] INFO in shopping_agent: ShoppingAgent initialized (entry_confirm=3, exit_timeout=15 frames)
[2026-07-24 22:18:12,934] INFO in __init__: Uploads directory verified: C:\Users\G.SRINATH\OneDrive\Documents\Desktop\RETAIL-CHECKOUT-SYSTEM\backend\static\uploads
[2026-07-24 22:18:12,958] INFO in __init__: SQLite Database initialized successfully.
[2026-07-24 22:18:12,967] INFO in shopping_agent: ShoppingAgent initialized (entry_confirm=3, exit_timeout=15 frames)
[2026-07-24 22:18:12,998] INFO in __init__: Uploads directory verified: C:\Users\G.SRINATH\OneDrive\Documents\Desktop\RETAIL-CHECKOUT-SYSTEM\backend\static\uploads
[2026-07-24 22:18:13,024] INFO in __init__: SQLite Database initialized successfully.
[2026-07-24 22:18:13,032] INFO in shopping_agent: ShoppingAgent initialized (entry_confirm=3, exit_timeout=15 frames)
[2026-07-24 22:18:13,076] INFO in __init__: Uploads directory verified: C:\Users\G.SRINATH\OneDrive\Documents\Desktop\RETAIL-CHECKOUT-SYSTEM\backend\static\uploads
[2026-07-24 22:18:13,104] INFO in __init__: SQLite Database initialized successfully.
[2026-07-24 22:18:13,111] INFO in shopping_agent: ShoppingAgent initialized (entry_confirm=3, exit_timeout=15 frames)
[2026-07-24 22:18:13,130] INFO in shopping_agent: ShoppingAgent: basket reset — cart cleared.
[2026-07-24 22:18:13,137] INFO in __init__: Uploads directory verified: C:\Users\G.SRINATH\OneDrive\Documents\Desktop\RETAIL-CHECKOUT-SYSTEM\backend\static\uploads
[2026-07-24 22:18:13,172] INFO in __init__: SQLite Database initialized successfully.
[2026-07-24 22:18:13,187] INFO in shopping_agent: ShoppingAgent initialized (entry_confirm=3, exit_timeout=15 frames)
[2026-07-24 22:18:13,236] INFO in __init__: Uploads directory verified: C:\Users\G.SRINATH\OneDrive\Documents\Desktop\RETAIL-CHECKOUT-SYSTEM\backend\static\uploads
[2026-07-24 22:18:13,265] INFO in __init__: SQLite Database initialized successfully.
[2026-07-24 22:18:13,273] INFO in shopping_agent: ShoppingAgent initialized (entry_confirm=3, exit_timeout=15 frames)
[2026-07-24 22:19:34,111] INFO in __init__: Uploads directory verified: C:\Users\G.SRINATH\OneDrive\Documents\Desktop\RETAIL-CHECKOUT-SYSTEM\backend\static\uploads
[2026-07-24 22:19:36,404] WARNING in detection_service: Custom YOLOv11 model 'best.pt' not found at C:\Users\G.SRINATH\OneDrive\Documents\Desktop\RETAIL-CHECKOUT-SYSTEM\backend\best.pt. Falling back to pre-trained 'C:\Users\G.SRINATH\OneDrive\Documents\Desktop\RETAIL-CHECKOUT-SYSTEM\backend\yolo11n.pt'. It will be downloaded automatically if not present.
[2026-07-24 22:19:36,477] INFO in detection_service: YOLOv11 model successfully loaded.
[2026-07-24 22:19:36,871] INFO in tracking_service: DeepSORT tracker initialized successfully (embedder=MobileNet, max_age=30, n_init=3, cosine_dist=0.30)
[2026-07-24 22:19:36,871] INFO in shopping_agent: ShoppingAgent initialized (entry_confirm=3, exit_timeout=15 frames)
[2026-07-24 22:19:36,898] INFO in __init__: SQLite Database initialized successfully.
[2026-07-24 22:19:36,906] INFO in __init__: Uploads directory verified: C:\Users\G.SRINATH\OneDrive\Documents\Desktop\RETAIL-CHECKOUT-SYSTEM\backend\static\uploads
[2026-07-24 22:19:36,930] INFO in __init__: SQLite Database initialized successfully.
[2026-07-24 22:19:36,934] INFO in __init__: Uploads directory verified: C:\Users\G.SRINATH\OneDrive\Documents\Desktop\RETAIL-CHECKOUT-SYSTEM\backend\static\uploads
[2026-07-24 22:19:36,954] INFO in __init__: SQLite Database initialized successfully.
[2026-07-24 22:19:36,958] INFO in __init__: Uploads directory verified: C:\Users\G.SRINATH\OneDrive\Documents\Desktop\RETAIL-CHECKOUT-SYSTEM\backend\static\uploads
[2026-07-24 22:19:36,979] INFO in __init__: SQLite Database initialized successfully.
[2026-07-24 22:19:36,982] INFO in __init__: Uploads directory verified: C:\Users\G.SRINATH\OneDrive\Documents\Desktop\RETAIL-CHECKOUT-SYSTEM\backend\static\uploads
[2026-07-24 22:19:37,002] INFO in __init__: SQLite Database initialized successfully.
[2026-07-24 22:19:37,005] INFO in __init__: Uploads directory verified: C:\Users\G.SRINATH\OneDrive\Documents\Desktop\RETAIL-CHECKOUT-SYSTEM\backend\static\uploads
[2026-07-24 22:19:37,024] INFO in __init__: SQLite Database initialized successfully.
[2026-07-24 22:19:37,027] INFO in __init__: Uploads directory verified: C:\Users\G.SRINATH\OneDrive\Documents\Desktop\RETAIL-CHECKOUT-SYSTEM\backend\static\uploads
[2026-07-24 22:19:37,047] INFO in __init__: SQLite Database initialized successfully.
[2026-07-24 22:19:37,050] INFO in __init__: Uploads directory verified: C:\Users\G.SRINATH\OneDrive\Documents\Desktop\RETAIL-CHECKOUT-SYSTEM\backend\static\uploads
[2026-07-24 22:19:37,070] INFO in __init__: SQLite Database initialized successfully.
[2026-07-24 22:19:37,074] INFO in __init__: Uploads directory verified: C:\Users\G.SRINATH\OneDrive\Documents\Desktop\RETAIL-CHECKOUT-SYSTEM\backend\static\uploads
[2026-07-24 22:19:37,093] INFO in __init__: SQLite Database initialized successfully.
[2026-07-24 22:19:37,097] INFO in __init__: Uploads directory verified: C:\Users\G.SRINATH\OneDrive\Documents\Desktop\RETAIL-CHECKOUT-SYSTEM\backend\static\uploads
[2026-07-24 22:19:37,120] INFO in __init__: SQLite Database initialized successfully.
[2026-07-24 22:19:37,124] INFO in __init__: Uploads directory verified: C:\Users\G.SRINATH\OneDrive\Documents\Desktop\RETAIL-CHECKOUT-SYSTEM\backend\static\uploads
[2026-07-24 22:19:37,143] INFO in __init__: SQLite Database initialized successfully.
[2026-07-24 22:19:37,147] INFO in __init__: Uploads directory verified: C:\Users\G.SRINATH\OneDrive\Documents\Desktop\RETAIL-CHECKOUT-SYSTEM\backend\static\uploads
[2026-07-24 22:19:37,165] INFO in __init__: SQLite Database initialized successfully.
[2026-07-24 22:19:37,169] INFO in __init__: Uploads directory verified: C:\Users\G.SRINATH\OneDrive\Documents\Desktop\RETAIL-CHECKOUT-SYSTEM\backend\static\uploads
[2026-07-24 22:19:37,189] INFO in __init__: SQLite Database initialized successfully.
[2026-07-24 22:19:37,194] INFO in __init__: Uploads directory verified: C:\Users\G.SRINATH\OneDrive\Documents\Desktop\RETAIL-CHECKOUT-SYSTEM\backend\static\uploads
[2026-07-24 22:19:37,213] INFO in __init__: SQLite Database initialized successfully.
[2026-07-24 22:19:37,217] INFO in __init__: Uploads directory verified: C:\Users\G.SRINATH\OneDrive\Documents\Desktop\RETAIL-CHECKOUT-SYSTEM\backend\static\uploads
[2026-07-24 22:19:37,237] INFO in __init__: SQLite Database initialized successfully.
[2026-07-24 22:19:37,241] INFO in __init__: Uploads directory verified: C:\Users\G.SRINATH\OneDrive\Documents\Desktop\RETAIL-CHECKOUT-SYSTEM\backend\static\uploads
[2026-07-24 22:19:37,261] INFO in __init__: SQLite Database initialized successfully.
[2026-07-24 22:20:18,507] INFO in __init__: Uploads directory verified: C:\Users\G.SRINATH\OneDrive\Documents\Desktop\RETAIL-CHECKOUT-SYSTEM\backend\static\uploads
[2026-07-24 22:20:20,689] WARNING in detection_service: Custom YOLOv11 model 'best.pt' not found at C:\Users\G.SRINATH\OneDrive\Documents\Desktop\RETAIL-CHECKOUT-SYSTEM\backend\best.pt. Falling back to pre-trained 'C:\Users\G.SRINATH\OneDrive\Documents\Desktop\RETAIL-CHECKOUT-SYSTEM\backend\yolo11n.pt'. It will be downloaded automatically if not present.
[2026-07-24 22:20:20,760] INFO in detection_service: YOLOv11 model successfully loaded.
[2026-07-24 22:20:21,140] INFO in tracking_service: DeepSORT tracker initialized successfully (embedder=MobileNet, max_age=30, n_init=3, cosine_dist=0.30)
[2026-07-24 22:20:21,141] INFO in shopping_agent: ShoppingAgent initialized (entry_confirm=3, exit_timeout=15 frames)
[2026-07-24 22:20:21,159] INFO in __init__: SQLite Database initialized successfully.
[2026-07-24 22:20:21,178] INFO in __init__: Uploads directory verified: C:\Users\G.SRINATH\OneDrive\Documents\Desktop\RETAIL-CHECKOUT-SYSTEM\backend\static\uploads
[2026-07-24 22:20:21,196] INFO in __init__: SQLite Database initialized successfully.
[2026-07-24 22:20:21,220] INFO in shopping_agent: ShoppingAgent: basket reset — cart cleared.
[2026-07-24 22:20:21,223] INFO in __init__: Uploads directory verified: C:\Users\G.SRINATH\OneDrive\Documents\Desktop\RETAIL-CHECKOUT-SYSTEM\backend\static\uploads
[2026-07-24 22:20:21,240] INFO in __init__: SQLite Database initialized successfully.
[2026-07-24 22:20:23,364] INFO in __init__: Uploads directory verified: C:\Users\G.SRINATH\OneDrive\Documents\Desktop\RETAIL-CHECKOUT-SYSTEM\backend\static\uploads
[2026-07-24 22:20:23,383] INFO in __init__: SQLite Database initialized successfully.
[2026-07-24 22:20:23,406] INFO in api: Video saved to: C:\Users\G.SRINATH\OneDrive\Documents\Desktop\RETAIL-CHECKOUT-SYSTEM\backend\static\uploads\upload_b4c9327b_test_video.mp4
[2026-07-24 22:20:23,408] INFO in api: Video: 320x240  10.00 fps  15 frames
[2026-07-24 22:20:23,481] INFO in tracking_service: DeepSORT tracker initialized successfully (embedder=MobileNet, max_age=30, n_init=3, cosine_dist=0.30)
[2026-07-24 22:20:23,481] INFO in shopping_agent: ShoppingAgent initialized (entry_confirm=3, exit_timeout=15 frames)
[2026-07-24 22:20:23,690] INFO in __init__: Uploads directory verified: C:\Users\G.SRINATH\OneDrive\Documents\Desktop\RETAIL-CHECKOUT-SYSTEM\backend\static\uploads
[2026-07-24 22:20:23,712] INFO in __init__: SQLite Database initialized successfully.
[2026-07-24 22:20:23,721] INFO in __init__: Uploads directory verified: C:\Users\G.SRINATH\OneDrive\Documents\Desktop\RETAIL-CHECKOUT-SYSTEM\backend\static\uploads
[2026-07-24 22:20:23,744] INFO in __init__: SQLite Database initialized successfully.
[2026-07-24 22:20:23,750] INFO in __init__: Uploads directory verified: C:\Users\G.SRINATH\OneDrive\Documents\Desktop\RETAIL-CHECKOUT-SYSTEM\backend\static\uploads
[2026-07-24 22:20:23,770] INFO in __init__: SQLite Database initialized successfully.
[2026-07-24 22:20:23,776] INFO in __init__: Uploads directory verified: C:\Users\G.SRINATH\OneDrive\Documents\Desktop\RETAIL-CHECKOUT-SYSTEM\backend\static\uploads
[2026-07-24 22:20:23,795] INFO in __init__: SQLite Database initialized successfully.
[2026-07-24 22:20:23,798] INFO in __init__: Uploads directory verified: C:\Users\G.SRINATH\OneDrive\Documents\Desktop\RETAIL-CHECKOUT-SYSTEM\backend\static\uploads
[2026-07-24 22:20:23,816] INFO in __init__: SQLite Database initialized successfully.
[2026-07-24 22:20:23,819] INFO in __init__: Uploads directory verified: C:\Users\G.SRINATH\OneDrive\Documents\Desktop\RETAIL-CHECKOUT-SYSTEM\backend\static\uploads
[2026-07-24 22:20:23,837] INFO in __init__: SQLite Database initialized successfully.
[2026-07-24 22:20:23,840] INFO in __init__: Uploads directory verified: C:\Users\G.SRINATH\OneDrive\Documents\Desktop\RETAIL-CHECKOUT-SYSTEM\backend\static\uploads
[2026-07-24 22:20:23,858] INFO in __init__: SQLite Database initialized successfully.
[2026-07-24 22:20:23,861] INFO in __init__: Uploads directory verified: C:\Users\G.SRINATH\OneDrive\Documents\Desktop\RETAIL-CHECKOUT-SYSTEM\backend\static\uploads
[2026-07-24 22:20:23,879] INFO in __init__: SQLite Database initialized successfully.
[2026-07-24 22:20:23,883] INFO in __init__: Uploads directory verified: C:\Users\G.SRINATH\OneDrive\Documents\Desktop\RETAIL-CHECKOUT-SYSTEM\backend\static\uploads
[2026-07-24 22:20:23,901] INFO in __init__: SQLite Database initialized successfully.
[2026-07-24 22:20:23,905] INFO in __init__: Uploads directory verified: C:\Users\G.SRINATH\OneDrive\Documents\Desktop\RETAIL-CHECKOUT-SYSTEM\backend\static\uploads
[2026-07-24 22:20:23,923] INFO in __init__: SQLite Database initialized successfully.
[2026-07-24 22:20:23,926] INFO in __init__: Uploads directory verified: C:\Users\G.SRINATH\OneDrive\Documents\Desktop\RETAIL-CHECKOUT-SYSTEM\backend\static\uploads
[2026-07-24 22:20:23,944] INFO in __init__: SQLite Database initialized successfully.
[2026-07-24 22:20:23,949] INFO in __init__: Uploads directory verified: C:\Users\G.SRINATH\OneDrive\Documents\Desktop\RETAIL-CHECKOUT-SYSTEM\backend\static\uploads
[2026-07-24 22:20:23,969] INFO in __init__: SQLite Database initialized successfully.
[2026-07-24 22:20:23,973] INFO in __init__: Uploads directory verified: C:\Users\G.SRINATH\OneDrive\Documents\Desktop\RETAIL-CHECKOUT-SYSTEM\backend\static\uploads
[2026-07-24 22:20:23,991] INFO in __init__: SQLite Database initialized successfully.
[2026-07-24 22:20:23,994] INFO in __init__: Uploads directory verified: C:\Users\G.SRINATH\OneDrive\Documents\Desktop\RETAIL-CHECKOUT-SYSTEM\backend\static\uploads
[2026-07-24 22:20:24,014] INFO in __init__: SQLite Database initialized successfully.
[2026-07-24 22:20:24,019] INFO in __init__: Uploads directory verified: C:\Users\G.SRINATH\OneDrive\Documents\Desktop\RETAIL-CHECKOUT-SYSTEM\backend\static\uploads
[2026-07-24 22:20:24,038] INFO in __init__: SQLite Database initialized successfully.
[2026-07-24 22:20:24,042] INFO in __init__: Uploads directory verified: C:\Users\G.SRINATH\OneDrive\Documents\Desktop\RETAIL-CHECKOUT-SYSTEM\backend\static\uploads
[2026-07-24 22:20:24,060] INFO in __init__: SQLite Database initialized successfully.
[2026-07-24 22:20:24,064] INFO in __init__: Uploads directory verified: C:\Users\G.SRINATH\OneDrive\Documents\Desktop\RETAIL-CHECKOUT-SYSTEM\backend\static\uploads
[2026-07-24 22:20:24,082] INFO in __init__: SQLite Database initialized successfully.
[2026-07-24 22:20:24,086] INFO in __init__: Uploads directory verified: C:\Users\G.SRINATH\OneDrive\Documents\Desktop\RETAIL-CHECKOUT-SYSTEM\backend\static\uploads
[2026-07-24 22:20:24,104] INFO in __init__: SQLite Database initialized successfully.
[2026-07-24 22:20:24,109] INFO in shopping_agent: ShoppingAgent initialized (entry_confirm=3, exit_timeout=15 frames)
[2026-07-24 22:20:24,122] INFO in __init__: Uploads directory verified: C:\Users\G.SRINATH\OneDrive\Documents\Desktop\RETAIL-CHECKOUT-SYSTEM\backend\static\uploads
[2026-07-24 22:20:24,142] INFO in __init__: SQLite Database initialized successfully.
[2026-07-24 22:20:24,147] INFO in shopping_agent: ShoppingAgent initialized (entry_confirm=3, exit_timeout=15 frames)
[2026-07-24 22:20:24,159] INFO in __init__: Uploads directory verified: C:\Users\G.SRINATH\OneDrive\Documents\Desktop\RETAIL-CHECKOUT-SYSTEM\backend\static\uploads
[2026-07-24 22:20:24,178] INFO in __init__: SQLite Database initialized successfully.
[2026-07-24 22:20:24,183] INFO in shopping_agent: ShoppingAgent initialized (entry_confirm=3, exit_timeout=15 frames)
[2026-07-24 22:20:24,191] INFO in __init__: Uploads directory verified: C:\Users\G.SRINATH\OneDrive\Documents\Desktop\RETAIL-CHECKOUT-SYSTEM\backend\static\uploads
[2026-07-24 22:20:24,209] INFO in __init__: SQLite Database initialized successfully.
[2026-07-24 22:20:24,215] INFO in shopping_agent: ShoppingAgent initialized (entry_confirm=3, exit_timeout=15 frames)
[2026-07-24 22:20:24,222] INFO in __init__: Uploads directory verified: C:\Users\G.SRINATH\OneDrive\Documents\Desktop\RETAIL-CHECKOUT-SYSTEM\backend\static\uploads
[2026-07-24 22:20:24,240] INFO in __init__: SQLite Database initialized successfully.
[2026-07-24 22:20:24,246] INFO in shopping_agent: ShoppingAgent initialized (entry_confirm=3, exit_timeout=15 frames)
[2026-07-24 22:20:24,262] INFO in __init__: Uploads directory verified: C:\Users\G.SRINATH\OneDrive\Documents\Desktop\RETAIL-CHECKOUT-SYSTEM\backend\static\uploads
[2026-07-24 22:20:24,280] INFO in __init__: SQLite Database initialized successfully.
[2026-07-24 22:20:24,286] INFO in shopping_agent: ShoppingAgent initialized (entry_confirm=3, exit_timeout=15 frames)
[2026-07-24 22:20:24,305] INFO in __init__: Uploads directory verified: C:\Users\G.SRINATH\OneDrive\Documents\Desktop\RETAIL-CHECKOUT-SYSTEM\backend\static\uploads
[2026-07-24 22:20:24,322] INFO in __init__: SQLite Database initialized successfully.
[2026-07-24 22:20:24,328] INFO in shopping_agent: ShoppingAgent initialized (entry_confirm=3, exit_timeout=15 frames)
[2026-07-24 22:20:24,348] INFO in __init__: Uploads directory verified: C:\Users\G.SRINATH\OneDrive\Documents\Desktop\RETAIL-CHECKOUT-SYSTEM\backend\static\uploads
[2026-07-24 22:20:24,366] INFO in __init__: SQLite Database initialized successfully.
[2026-07-24 22:20:24,372] INFO in shopping_agent: ShoppingAgent initialized (entry_confirm=3, exit_timeout=15 frames)
[2026-07-24 22:20:24,382] INFO in shopping_agent: ShoppingAgent: basket reset — cart cleared.
[2026-07-24 22:20:24,384] INFO in __init__: Uploads directory verified: C:\Users\G.SRINATH\OneDrive\Documents\Desktop\RETAIL-CHECKOUT-SYSTEM\backend\static\uploads
[2026-07-24 22:20:24,402] INFO in __init__: SQLite Database initialized successfully.
[2026-07-24 22:20:24,407] INFO in shopping_agent: ShoppingAgent initialized (entry_confirm=3, exit_timeout=15 frames)
[2026-07-24 22:20:24,426] INFO in __init__: Uploads directory verified: C:\Users\G.SRINATH\OneDrive\Documents\Desktop\RETAIL-CHECKOUT-SYSTEM\backend\static\uploads
[2026-07-24 22:20:24,445] INFO in __init__: SQLite Database initialized successfully.
[2026-07-24 22:20:24,453] INFO in shopping_agent: ShoppingAgent initialized (entry_confirm=3, exit_timeout=15 frames)
[2026-07-24 22:20:39,392] INFO in shopping_agent: ShoppingAgent: basket reset — cart cleared.
[2026-07-24 22:20:39,505] INFO in api: Video saved to: C:\Users\G.SRINATH\OneDrive\Documents\Desktop\RETAIL-CHECKOUT-SYSTEM\backend\static\uploads\upload_a193144f_Personwithlaptop.mp4
[2026-07-24 22:20:39,532] INFO in api: Video: 1920x1080  25.00 fps  510 frames
[2026-07-24 22:20:39,679] INFO in tracking_service: DeepSORT tracker initialized successfully (embedder=MobileNet, max_age=30, n_init=3, cosine_dist=0.30)
[2026-07-24 22:20:39,680] INFO in shopping_agent: ShoppingAgent initialized (entry_confirm=3, exit_timeout=15 frames)
[2026-07-24 22:20:40,928] INFO in shopping_agent: ShoppingAgent: basket reset — cart cleared.
[2026-07-24 22:20:51,552] INFO in shopping_agent: ShoppingAgent: basket reset — cart cleared.
[2026-07-24 22:20:51,958] INFO in api: Video saved to: C:\Users\G.SRINATH\OneDrive\Documents\Desktop\RETAIL-CHECKOUT-SYSTEM\backend\static\uploads\upload_fab12ea9_Personwithlaptop.mp4
[2026-07-24 22:20:51,977] INFO in api: Video: 1920x1080  25.00 fps  510 frames
[2026-07-24 22:20:52,162] INFO in tracking_service: DeepSORT tracker initialized successfully (embedder=MobileNet, max_age=30, n_init=3, cosine_dist=0.30)
[2026-07-24 22:20:52,162] INFO in shopping_agent: ShoppingAgent initialized (entry_confirm=3, exit_timeout=15 frames)
[2026-07-24 22:20:58,663] INFO in shopping_agent: ShoppingAgent: basket reset — cart cleared.
[2026-07-24 22:21:04,102] INFO in shopping_agent: ShoppingAgent: basket reset — cart cleared.
[2026-07-24 22:21:04,450] INFO in api: Video saved to: C:\Users\G.SRINATH\OneDrive\Documents\Desktop\RETAIL-CHECKOUT-SYSTEM\backend\static\uploads\upload_e31a5c3f_6632883-hd_1080_1920_25fps.mp4
[2026-07-24 22:21:04,483] INFO in api: Video: 1080x1920  25.00 fps  177 frames
[2026-07-24 22:21:04,689] INFO in tracking_service: DeepSORT tracker initialized successfully (embedder=MobileNet, max_age=30, n_init=3, cosine_dist=0.30)
[2026-07-24 22:21:04,689] INFO in shopping_agent: ShoppingAgent initialized (entry_confirm=3, exit_timeout=15 frames)
[2026-07-24 22:21:58,783] WARNING in error_handlers: Resource not found: 404 Not Found: The requested URL was not found on the server. If you entered the URL manually please check your spelling and try again.
[2026-07-24 22:22:32,139] INFO in shopping_agent: ShoppingAgent: basket reset — cart cleared.
[2026-07-24 22:22:35,708] WARNING in error_handlers: Resource not found: 404 Not Found: The requested URL was not found on the server. If you entered the URL manually please check your spelling and try again.
[2026-07-24 22:22:38,220] INFO in shopping_agent: ShoppingAgent: basket reset — cart cleared.
[2026-07-24 22:22:38,595] INFO in api: Video saved to: C:\Users\G.SRINATH\OneDrive\Documents\Desktop\RETAIL-CHECKOUT-SYSTEM\backend\static\uploads\upload_eb59078e_6632883-hd_1080_1920_25fps.mp4
[2026-07-24 22:22:38,626] INFO in api: Video: 1080x1920  25.00 fps  177 frames
[2026-07-24 22:22:38,817] INFO in tracking_service: DeepSORT tracker initialized successfully (embedder=MobileNet, max_age=30, n_init=3, cosine_dist=0.30)
[2026-07-24 22:22:38,817] INFO in shopping_agent: ShoppingAgent initialized (entry_confirm=3, exit_timeout=15 frames)
[2026-07-24 22:25:53,518] WARNING in error_handlers: Resource not found: 404 Not Found: The requested URL was not found on the server. If you entered the URL manually please check your spelling and try again.
[2026-07-24 22:26:43,481] INFO in shopping_agent: ShoppingAgent: basket reset — cart cleared.
[2026-07-24 22:26:43,568] INFO in api: Video saved to: C:\Users\G.SRINATH\OneDrive\Documents\Desktop\RETAIL-CHECKOUT-SYSTEM\backend\static\uploads\upload_362bac44_6632883-hd_1080_1920_25fps.mp4
[2026-07-24 22:26:43,638] INFO in api: Video: 1080x1920  25.00 fps  177 frames
[2026-07-24 22:26:43,832] INFO in tracking_service: DeepSORT tracker initialized successfully (embedder=MobileNet, max_age=30, n_init=3, cosine_dist=0.30)
[2026-07-24 22:26:43,832] INFO in shopping_agent: ShoppingAgent initialized (entry_confirm=3, exit_timeout=15 frames)
[2026-07-24 22:27:44,226] WARNING in error_handlers: Resource not found: 404 Not Found: The requested URL was not found on the server. If you entered the URL manually please check your spelling and try again.
[2026-07-24 22:28:02,099] INFO in __init__: Uploads directory verified: C:\Users\G.SRINATH\OneDrive\Documents\Desktop\RETAIL-CHECKOUT-SYSTEM\backend\static\uploads
[2026-07-24 22:28:03,984] WARNING in detection_service: Custom YOLOv11 model 'best.pt' not found at C:\Users\G.SRINATH\OneDrive\Documents\Desktop\RETAIL-CHECKOUT-SYSTEM\backend\best.pt. Falling back to pre-trained 'C:\Users\G.SRINATH\OneDrive\Documents\Desktop\RETAIL-CHECKOUT-SYSTEM\backend\yolo11n.pt'. It will be downloaded automatically if not present.
[2026-07-24 22:28:04,072] INFO in detection_service: YOLOv11 model successfully loaded.
[2026-07-24 22:28:06,168] INFO in tracking_service: DeepSORT tracker initialized successfully (embedder=MobileNet, max_age=30, n_init=3, cosine_dist=0.30)
[2026-07-24 22:28:06,168] INFO in shopping_agent: ShoppingAgent initialized (entry_confirm=3, exit_timeout=15 frames)
[2026-07-24 22:28:06,171] INFO in __init__: SQLite Database initialized successfully.
[2026-07-24 22:28:06,171] INFO in run: Starting AI Smart Retail Checkout Flask Server on http://localhost:5000
[2026-07-24 22:28:08,095] INFO in __init__: Uploads directory verified: C:\Users\G.SRINATH\OneDrive\Documents\Desktop\RETAIL-CHECKOUT-SYSTEM\backend\static\uploads
[2026-07-24 22:28:10,455] WARNING in detection_service: Custom YOLOv11 model 'best.pt' not found at C:\Users\G.SRINATH\OneDrive\Documents\Desktop\RETAIL-CHECKOUT-SYSTEM\backend\best.pt. Falling back to pre-trained 'C:\Users\G.SRINATH\OneDrive\Documents\Desktop\RETAIL-CHECKOUT-SYSTEM\backend\yolo11n.pt'. It will be downloaded automatically if not present.
[2026-07-24 22:28:10,534] INFO in detection_service: YOLOv11 model successfully loaded.
[2026-07-24 22:28:10,959] INFO in tracking_service: DeepSORT tracker initialized successfully (embedder=MobileNet, max_age=30, n_init=3, cosine_dist=0.30)
[2026-07-24 22:28:10,959] INFO in shopping_agent: ShoppingAgent initialized (entry_confirm=3, exit_timeout=15 frames)
[2026-07-24 22:28:10,978] INFO in __init__: SQLite Database initialized successfully.
[2026-07-24 22:28:10,998] INFO in __init__: Uploads directory verified: C:\Users\G.SRINATH\OneDrive\Documents\Desktop\RETAIL-CHECKOUT-SYSTEM\backend\static\uploads
[2026-07-24 22:28:11,017] INFO in __init__: SQLite Database initialized successfully.
[2026-07-24 22:28:11,041] INFO in shopping_agent: ShoppingAgent: basket reset — cart cleared.
[2026-07-24 22:28:11,044] INFO in __init__: Uploads directory verified: C:\Users\G.SRINATH\OneDrive\Documents\Desktop\RETAIL-CHECKOUT-SYSTEM\backend\static\uploads
[2026-07-24 22:28:11,062] INFO in __init__: SQLite Database initialized successfully.
[2026-07-24 22:28:12,655] INFO in __init__: Uploads directory verified: C:\Users\G.SRINATH\OneDrive\Documents\Desktop\RETAIL-CHECKOUT-SYSTEM\backend\static\uploads
[2026-07-24 22:28:12,682] INFO in __init__: SQLite Database initialized successfully.
[2026-07-24 22:28:12,787] INFO in api: Video saved to: C:\Users\G.SRINATH\OneDrive\Documents\Desktop\RETAIL-CHECKOUT-SYSTEM\backend\static\uploads\upload_98ad4bb7_test_video.mp4
[2026-07-24 22:28:12,803] INFO in api: Video: 320x240  10.00 fps  15 frames
[2026-07-24 22:28:12,956] INFO in tracking_service: DeepSORT tracker initialized successfully (embedder=MobileNet, max_age=30, n_init=3, cosine_dist=0.30)
[2026-07-24 22:28:12,956] INFO in shopping_agent: ShoppingAgent initialized (entry_confirm=3, exit_timeout=15 frames)
[2026-07-24 22:28:13,463] INFO in __init__: Uploads directory verified: C:\Users\G.SRINATH\OneDrive\Documents\Desktop\RETAIL-CHECKOUT-SYSTEM\backend\static\uploads
[2026-07-24 22:28:13,494] INFO in __init__: SQLite Database initialized successfully.
[2026-07-24 22:28:13,511] INFO in __init__: Uploads directory verified: C:\Users\G.SRINATH\OneDrive\Documents\Desktop\RETAIL-CHECKOUT-SYSTEM\backend\static\uploads
[2026-07-24 22:28:13,548] INFO in __init__: SQLite Database initialized successfully.
[2026-07-24 22:28:13,559] INFO in __init__: Uploads directory verified: C:\Users\G.SRINATH\OneDrive\Documents\Desktop\RETAIL-CHECKOUT-SYSTEM\backend\static\uploads
[2026-07-24 22:28:13,585] INFO in __init__: SQLite Database initialized successfully.
[2026-07-24 22:28:13,596] INFO in __init__: Uploads directory verified: C:\Users\G.SRINATH\OneDrive\Documents\Desktop\RETAIL-CHECKOUT-SYSTEM\backend\static\uploads
[2026-07-24 22:28:13,623] INFO in __init__: SQLite Database initialized successfully.
[2026-07-24 22:28:13,632] INFO in __init__: Uploads directory verified: C:\Users\G.SRINATH\OneDrive\Documents\Desktop\RETAIL-CHECKOUT-SYSTEM\backend\static\uploads
[2026-07-24 22:28:13,657] INFO in __init__: SQLite Database initialized successfully.
[2026-07-24 22:28:13,667] INFO in __init__: Uploads directory verified: C:\Users\G.SRINATH\OneDrive\Documents\Desktop\RETAIL-CHECKOUT-SYSTEM\backend\static\uploads
[2026-07-24 22:28:13,693] INFO in __init__: SQLite Database initialized successfully.
[2026-07-24 22:28:13,705] INFO in __init__: Uploads directory verified: C:\Users\G.SRINATH\OneDrive\Documents\Desktop\RETAIL-CHECKOUT-SYSTEM\backend\static\uploads
[2026-07-24 22:28:13,738] INFO in __init__: SQLite Database initialized successfully.
[2026-07-24 22:28:13,752] INFO in __init__: Uploads directory verified: C:\Users\G.SRINATH\OneDrive\Documents\Desktop\RETAIL-CHECKOUT-SYSTEM\backend\static\uploads
[2026-07-24 22:28:13,779] INFO in __init__: SQLite Database initialized successfully.
[2026-07-24 22:28:13,790] INFO in __init__: Uploads directory verified: C:\Users\G.SRINATH\OneDrive\Documents\Desktop\RETAIL-CHECKOUT-SYSTEM\backend\static\uploads
[2026-07-24 22:28:13,815] INFO in __init__: SQLite Database initialized successfully.
[2026-07-24 22:28:13,824] INFO in __init__: Uploads directory verified: C:\Users\G.SRINATH\OneDrive\Documents\Desktop\RETAIL-CHECKOUT-SYSTEM\backend\static\uploads
[2026-07-24 22:28:13,848] INFO in __init__: SQLite Database initialized successfully.
[2026-07-24 22:28:13,853] INFO in __init__: Uploads directory verified: C:\Users\G.SRINATH\OneDrive\Documents\Desktop\RETAIL-CHECKOUT-SYSTEM\backend\static\uploads
[2026-07-24 22:28:13,876] INFO in __init__: SQLite Database initialized successfully.
[2026-07-24 22:28:13,884] INFO in __init__: Uploads directory verified: C:\Users\G.SRINATH\OneDrive\Documents\Desktop\RETAIL-CHECKOUT-SYSTEM\backend\static\uploads
[2026-07-24 22:28:13,909] INFO in __init__: SQLite Database initialized successfully.
[2026-07-24 22:28:13,918] INFO in __init__: Uploads directory verified: C:\Users\G.SRINATH\OneDrive\Documents\Desktop\RETAIL-CHECKOUT-SYSTEM\backend\static\uploads
[2026-07-24 22:28:13,942] INFO in __init__: SQLite Database initialized successfully.
[2026-07-24 22:28:13,950] INFO in __init__: Uploads directory verified: C:\Users\G.SRINATH\OneDrive\Documents\Desktop\RETAIL-CHECKOUT-SYSTEM\backend\static\uploads
[2026-07-24 22:28:13,974] INFO in __init__: SQLite Database initialized successfully.
[2026-07-24 22:28:13,985] INFO in __init__: Uploads directory verified: C:\Users\G.SRINATH\OneDrive\Documents\Desktop\RETAIL-CHECKOUT-SYSTEM\backend\static\uploads
[2026-07-24 22:28:14,010] INFO in __init__: SQLite Database initialized successfully.
[2026-07-24 22:28:14,017] INFO in __init__: Uploads directory verified: C:\Users\G.SRINATH\OneDrive\Documents\Desktop\RETAIL-CHECKOUT-SYSTEM\backend\static\uploads
[2026-07-24 22:28:14,041] INFO in __init__: SQLite Database initialized successfully.
[2026-07-24 22:28:14,050] INFO in __init__: Uploads directory verified: C:\Users\G.SRINATH\OneDrive\Documents\Desktop\RETAIL-CHECKOUT-SYSTEM\backend\static\uploads
[2026-07-24 22:28:14,078] INFO in __init__: SQLite Database initialized successfully.
[2026-07-24 22:28:14,089] INFO in __init__: Uploads directory verified: C:\Users\G.SRINATH\OneDrive\Documents\Desktop\RETAIL-CHECKOUT-SYSTEM\backend\static\uploads
[2026-07-24 22:28:14,114] INFO in __init__: SQLite Database initialized successfully.
[2026-07-24 22:28:14,124] INFO in shopping_agent: ShoppingAgent initialized (entry_confirm=3, exit_timeout=15 frames)
[2026-07-24 22:28:14,148] INFO in __init__: Uploads directory verified: C:\Users\G.SRINATH\OneDrive\Documents\Desktop\RETAIL-CHECKOUT-SYSTEM\backend\static\uploads
[2026-07-24 22:28:14,172] INFO in __init__: SQLite Database initialized successfully.
[2026-07-24 22:28:14,181] INFO in shopping_agent: ShoppingAgent initialized (entry_confirm=3, exit_timeout=15 frames)
[2026-07-24 22:28:14,206] INFO in __init__: Uploads directory verified: C:\Users\G.SRINATH\OneDrive\Documents\Desktop\RETAIL-CHECKOUT-SYSTEM\backend\static\uploads
[2026-07-24 22:28:14,230] INFO in __init__: SQLite Database initialized successfully.
[2026-07-24 22:28:14,239] INFO in shopping_agent: ShoppingAgent initialized (entry_confirm=3, exit_timeout=15 frames)
[2026-07-24 22:28:14,251] INFO in __init__: Uploads directory verified: C:\Users\G.SRINATH\OneDrive\Documents\Desktop\RETAIL-CHECKOUT-SYSTEM\backend\static\uploads
[2026-07-24 22:28:14,273] INFO in __init__: SQLite Database initialized successfully.
[2026-07-24 22:28:14,282] INFO in shopping_agent: ShoppingAgent initialized (entry_confirm=3, exit_timeout=15 frames)
[2026-07-24 22:28:14,294] INFO in __init__: Uploads directory verified: C:\Users\G.SRINATH\OneDrive\Documents\Desktop\RETAIL-CHECKOUT-SYSTEM\backend\static\uploads
[2026-07-24 22:28:14,322] INFO in __init__: SQLite Database initialized successfully.
[2026-07-24 22:28:14,337] INFO in shopping_agent: ShoppingAgent initialized (entry_confirm=3, exit_timeout=15 frames)
[2026-07-24 22:28:14,378] INFO in __init__: Uploads directory verified: C:\Users\G.SRINATH\OneDrive\Documents\Desktop\RETAIL-CHECKOUT-SYSTEM\backend\static\uploads
[2026-07-24 22:28:14,408] INFO in __init__: SQLite Database initialized successfully.
[2026-07-24 22:28:14,418] INFO in shopping_agent: ShoppingAgent initialized (entry_confirm=3, exit_timeout=15 frames)
[2026-07-24 22:28:14,466] INFO in __init__: Uploads directory verified: C:\Users\G.SRINATH\OneDrive\Documents\Desktop\RETAIL-CHECKOUT-SYSTEM\backend\static\uploads
[2026-07-24 22:28:14,496] INFO in __init__: SQLite Database initialized successfully.
[2026-07-24 22:28:14,506] INFO in shopping_agent: ShoppingAgent initialized (entry_confirm=3, exit_timeout=15 frames)
[2026-07-24 22:28:14,621] INFO in __init__: Uploads directory verified: C:\Users\G.SRINATH\OneDrive\Documents\Desktop\RETAIL-CHECKOUT-SYSTEM\backend\static\uploads
[2026-07-24 22:28:14,658] INFO in __init__: SQLite Database initialized successfully.
[2026-07-24 22:28:14,678] INFO in shopping_agent: ShoppingAgent initialized (entry_confirm=3, exit_timeout=15 frames)
[2026-07-24 22:28:14,707] INFO in shopping_agent: ShoppingAgent: basket reset — cart cleared.
[2026-07-24 22:28:14,713] INFO in __init__: Uploads directory verified: C:\Users\G.SRINATH\OneDrive\Documents\Desktop\RETAIL-CHECKOUT-SYSTEM\backend\static\uploads
[2026-07-24 22:28:14,737] INFO in __init__: SQLite Database initialized successfully.
[2026-07-24 22:28:14,746] INFO in shopping_agent: ShoppingAgent initialized (entry_confirm=3, exit_timeout=15 frames)
[2026-07-24 22:28:14,785] INFO in __init__: Uploads directory verified: C:\Users\G.SRINATH\OneDrive\Documents\Desktop\RETAIL-CHECKOUT-SYSTEM\backend\static\uploads
[2026-07-24 22:28:14,818] INFO in __init__: SQLite Database initialized successfully.
[2026-07-24 22:28:14,832] INFO in shopping_agent: ShoppingAgent initialized (entry_confirm=3, exit_timeout=15 frames)
[2026-07-24 22:28:58,443] INFO in shopping_agent: ShoppingAgent: basket reset — cart cleared.
[2026-07-24 22:28:58,561] INFO in api: Video saved to: C:\Users\G.SRINATH\OneDrive\Documents\Desktop\RETAIL-CHECKOUT-SYSTEM\backend\static\uploads\upload_bc73d1c9_6632883-hd_1080_1920_25fps.mp4
[2026-07-24 22:28:58,611] INFO in api: Video: 1080x1920  25.00 fps  177 frames
[2026-07-24 22:28:58,784] INFO in tracking_service: DeepSORT tracker initialized successfully (embedder=MobileNet, max_age=30, n_init=3, cosine_dist=0.30)
[2026-07-24 22:28:58,785] INFO in shopping_agent: ShoppingAgent initialized (entry_confirm=3, exit_timeout=15 frames)
[2026-07-24 22:29:28,876] WARNING in error_handlers: Resource not found: 404 Not Found: The requested URL was not found on the server. If you entered the URL manually please check your spelling and try again.
[2026-07-25 08:46:05,973] INFO in __init__: Uploads directory verified: C:\Users\G.SRINATH\OneDrive\Documents\Desktop\RETAIL-CHECKOUT-SYSTEM\backend\static\uploads
[2026-07-25 08:46:13,381] WARNING in detection_service: Custom YOLOv11 model 'best.pt' not found at C:\Users\G.SRINATH\OneDrive\Documents\Desktop\RETAIL-CHECKOUT-SYSTEM\backend\best.pt. Falling back to pre-trained 'C:\Users\G.SRINATH\OneDrive\Documents\Desktop\RETAIL-CHECKOUT-SYSTEM\backend\yolo11n.pt'. It will be downloaded automatically if not present.
[2026-07-25 08:46:13,547] INFO in detection_service: YOLOv11 model successfully loaded.
[2026-07-25 08:46:14,787] INFO in tracking_service: DeepSORT tracker initialized successfully (embedder=MobileNet, max_age=30, n_init=3, cosine_dist=0.30)
[2026-07-25 08:46:14,787] INFO in shopping_agent: ShoppingAgent initialized (entry_confirm=3, exit_timeout=15 frames)
[2026-07-25 08:46:14,792] INFO in __init__: SQLite Database initialized successfully.
[2026-07-25 08:46:14,792] INFO in run: Starting AI Smart Retail Checkout Flask Server on http://localhost:5000
[2026-07-25 08:46:15,176] INFO in __init__: Uploads directory verified: C:\Users\G.SRINATH\OneDrive\Documents\Desktop\RETAIL-CHECKOUT-SYSTEM\backend\static\uploads
[2026-07-25 08:46:19,149] WARNING in detection_service: Custom YOLOv11 model 'best.pt' not found at C:\Users\G.SRINATH\OneDrive\Documents\Desktop\RETAIL-CHECKOUT-SYSTEM\backend\best.pt. Falling back to pre-trained 'C:\Users\G.SRINATH\OneDrive\Documents\Desktop\RETAIL-CHECKOUT-SYSTEM\backend\yolo11n.pt'. It will be downloaded automatically if not present.
[2026-07-25 08:46:19,268] INFO in detection_service: YOLOv11 model successfully loaded.
[2026-07-25 08:46:45,142] INFO in __init__: Uploads directory verified: C:\Users\G.SRINATH\OneDrive\Documents\Desktop\RETAIL-CHECKOUT-SYSTEM\backend\static\uploads
[2026-07-25 08:46:48,795] WARNING in detection_service: Custom YOLOv11 model 'best.pt' not found at C:\Users\G.SRINATH\OneDrive\Documents\Desktop\RETAIL-CHECKOUT-SYSTEM\backend\best.pt. Falling back to pre-trained 'C:\Users\G.SRINATH\OneDrive\Documents\Desktop\RETAIL-CHECKOUT-SYSTEM\backend\yolo11n.pt'. It will be downloaded automatically if not present.
[2026-07-25 08:46:48,869] INFO in detection_service: YOLOv11 model successfully loaded.
[2026-07-25 08:46:52,196] INFO in tracking_service: DeepSORT tracker initialized successfully (embedder=MobileNet, max_age=30, n_init=3, cosine_dist=0.30)
[2026-07-25 08:46:52,196] INFO in shopping_agent: ShoppingAgent initialized (entry_confirm=3, exit_timeout=15 frames)
[2026-07-25 08:46:52,200] INFO in __init__: SQLite Database initialized successfully.
[2026-07-25 08:46:52,200] INFO in run: Starting AI Smart Retail Checkout Flask Server on http://localhost:5000
[2026-07-25 08:46:52,539] INFO in __init__: Uploads directory verified: C:\Users\G.SRINATH\OneDrive\Documents\Desktop\RETAIL-CHECKOUT-SYSTEM\backend\static\uploads
[2026-07-25 08:46:55,165] WARNING in detection_service: Custom YOLOv11 model 'best.pt' not found at C:\Users\G.SRINATH\OneDrive\Documents\Desktop\RETAIL-CHECKOUT-SYSTEM\backend\best.pt. Falling back to pre-trained 'C:\Users\G.SRINATH\OneDrive\Documents\Desktop\RETAIL-CHECKOUT-SYSTEM\backend\yolo11n.pt'. It will be downloaded automatically if not present.
[2026-07-25 08:46:55,223] INFO in detection_service: YOLOv11 model successfully loaded.
[2026-07-25 08:46:57,726] INFO in tracking_service: DeepSORT tracker initialized successfully (embedder=MobileNet, max_age=30, n_init=3, cosine_dist=0.30)
[2026-07-25 08:46:57,727] INFO in shopping_agent: ShoppingAgent initialized (entry_confirm=3, exit_timeout=15 frames)
[2026-07-25 08:46:57,731] INFO in __init__: SQLite Database initialized successfully.
[2026-07-25 08:46:57,731] INFO in run: Starting AI Smart Retail Checkout Flask Server on http://localhost:5000
[2026-07-25 09:02:58,721] INFO in shopping_agent: ShoppingAgent: basket reset — cart cleared.
[2026-07-25 09:02:58,841] INFO in api: Video saved to: C:\Users\G.SRINATH\OneDrive\Documents\Desktop\RETAIL-CHECKOUT-SYSTEM\backend\static\uploads\upload_0e2d00ef_6632883-hd_1080_1920_25fps.mp4
[2026-07-25 09:02:59,083] INFO in api: Video: 1080x1920  25.00 fps  177 frames
[2026-07-25 09:02:59,638] INFO in tracking_service: DeepSORT tracker initialized successfully (embedder=MobileNet, max_age=30, n_init=3, cosine_dist=0.30)
[2026-07-25 09:02:59,639] INFO in shopping_agent: ShoppingAgent initialized (entry_confirm=3, exit_timeout=15 frames)
[2026-07-25 09:04:57,881] WARNING in error_handlers: Resource not found: 404 Not Found: The requested URL was not found on the server. If you entered the URL manually please check your spelling and try again.
[2026-08-12 10:27:15,506] INFO in __init__: Uploads directory verified: C:\Users\G.SRINATH\OneDrive\Documents\Desktop\RETAIL-CHECKOUT-SYSTEM\backend\static\uploads
[2026-08-12 10:27:20,389] WARNING in detection_service: Custom YOLOv11 model 'best.pt' not found at C:\Users\G.SRINATH\OneDrive\Documents\Desktop\RETAIL-CHECKOUT-SYSTEM\backend\best.pt. Falling back to pre-trained 'C:\Users\G.SRINATH\OneDrive\Documents\Desktop\RETAIL-CHECKOUT-SYSTEM\backend\yolo11n.pt'. It will be downloaded automatically if not present.
[2026-08-12 10:27:20,524] INFO in detection_service: YOLOv11 model successfully loaded.
[2026-08-12 10:27:26,079] INFO in tracking_service: DeepSORT tracker initialized successfully (embedder=MobileNet, max_age=30, n_init=3, cosine_dist=0.30)
[2026-08-12 10:27:26,079] INFO in shopping_agent: ShoppingAgent initialized (entry_confirm=3, exit_timeout=15 frames)
[2026-08-12 10:27:26,085] INFO in __init__: SQLite Database initialized successfully.
[2026-08-12 10:27:26,086] INFO in run: Starting AI Smart Retail Checkout Flask Server on http://localhost:5000
[2026-08-12 10:27:26,362] INFO in __init__: Uploads directory verified: C:\Users\G.SRINATH\OneDrive\Documents\Desktop\RETAIL-CHECKOUT-SYSTEM\backend\static\uploads
[2026-08-12 10:27:27,866] WARNING in detection_service: Custom YOLOv11 model 'best.pt' not found at C:\Users\G.SRINATH\OneDrive\Documents\Desktop\RETAIL-CHECKOUT-SYSTEM\backend\best.pt. Falling back to pre-trained 'C:\Users\G.SRINATH\OneDrive\Documents\Desktop\RETAIL-CHECKOUT-SYSTEM\backend\yolo11n.pt'. It will be downloaded automatically if not present.
[2026-08-12 10:27:27,910] INFO in detection_service: YOLOv11 model successfully loaded.
[2026-08-12 10:27:29,758] INFO in tracking_service: DeepSORT tracker initialized successfully (embedder=MobileNet, max_age=30, n_init=3, cosine_dist=0.30)
[2026-08-12 10:27:29,758] INFO in shopping_agent: ShoppingAgent initialized (entry_confirm=3, exit_timeout=15 frames)
[2026-08-12 10:27:29,762] INFO in __init__: SQLite Database initialized successfully.
[2026-08-12 10:27:29,763] INFO in run: Starting AI Smart Retail Checkout Flask Server on http://localhost:5000
[2026-08-12 10:28:02,767] INFO in shopping_agent: ShoppingAgent: basket reset — cart cleared.
[2026-08-12 10:28:03,091] INFO in api: Video saved to: C:\Users\G.SRINATH\OneDrive\Documents\Desktop\RETAIL-CHECKOUT-SYSTEM\backend\static\uploads\upload_dc6e8e82_Glassontable.mp4
[2026-08-12 10:28:03,252] INFO in api: Video: 2160x4096  30.00 fps  702 frames
[2026-08-12 10:28:03,512] INFO in tracking_service: DeepSORT tracker initialized successfully (embedder=MobileNet, max_age=30, n_init=3, cosine_dist=0.30)
[2026-08-12 10:28:03,512] INFO in shopping_agent: ShoppingAgent initialized (entry_confirm=3, exit_timeout=15 frames)
[2026-08-12 10:30:26,853] INFO in shopping_agent: ShoppingAgent: basket reset — cart cleared.
[2026-08-12 10:30:53,685] WARNING in error_handlers: Resource not found: 404 Not Found: The requested URL was not found on the server. If you entered the URL manually please check your spelling and try again.
[2026-08-12 10:31:06,750] INFO in shopping_agent: ShoppingAgent: basket reset — cart cleared.
[2026-08-12 10:31:07,268] INFO in api: Video saved to: C:\Users\G.SRINATH\OneDrive\Documents\Desktop\RETAIL-CHECKOUT-SYSTEM\backend\static\uploads\upload_4f0966c9_Waterbottleontable2.mp4
[2026-08-12 10:31:07,339] INFO in api: Video: 2160x4096  25.00 fps  752 frames
[2026-08-12 10:31:07,409] INFO in shopping_agent: ShoppingAgent: basket reset — cart cleared.
[2026-08-12 10:31:07,541] INFO in tracking_service: DeepSORT tracker initialized successfully (embedder=MobileNet, max_age=30, n_init=3, cosine_dist=0.30)
[2026-08-12 10:31:07,542] INFO in shopping_agent: ShoppingAgent initialized (entry_confirm=3, exit_timeout=15 frames)
[2026-08-12 10:31:13,407] INFO in shopping_agent: ShoppingAgent: basket reset — cart cleared.
[2026-08-12 10:31:22,209] INFO in shopping_agent: ShoppingAgent: basket reset — cart cleared.
[2026-08-12 10:31:22,571] INFO in api: Video saved to: C:\Users\G.SRINATH\OneDrive\Documents\Desktop\RETAIL-CHECKOUT-SYSTEM\backend\static\uploads\upload_b54356aa_Tablecoffee.mp4
[2026-08-12 10:31:22,601] INFO in api: Video: 1080x1920  25.00 fps  227 frames
[2026-08-12 10:31:22,877] INFO in tracking_service: DeepSORT tracker initialized successfully (embedder=MobileNet, max_age=30, n_init=3, cosine_dist=0.30)
[2026-08-12 10:31:22,878] INFO in shopping_agent: ShoppingAgent initialized (entry_confirm=3, exit_timeout=15 frames)
[2026-08-12 10:31:29,436] INFO in shopping_agent: ShoppingAgent: basket reset — cart cleared.
[2026-08-12 10:31:36,184] INFO in shopping_agent: ShoppingAgent: basket reset — cart cleared.
[2026-08-12 10:31:36,541] INFO in api: Video saved to: C:\Users\G.SRINATH\OneDrive\Documents\Desktop\RETAIL-CHECKOUT-SYSTEM\backend\static\uploads\upload_c4dad514_Tablecoffee.mp4
[2026-08-12 10:31:36,566] INFO in api: Video: 1080x1920  25.00 fps  227 frames
[2026-08-12 10:31:36,801] INFO in tracking_service: DeepSORT tracker initialized successfully (embedder=MobileNet, max_age=30, n_init=3, cosine_dist=0.30)
[2026-08-12 10:31:36,802] INFO in shopping_agent: ShoppingAgent initialized (entry_confirm=3, exit_timeout=15 frames)
[2026-08-12 10:32:35,834] WARNING in error_handlers: Resource not found: 404 Not Found: The requested URL was not found on the server. If you entered the URL manually please check your spelling and try again.
[2026-08-12 10:32:43,135] INFO in shopping_agent: ShoppingAgent: basket reset — cart cleared.
[2026-08-12 10:32:48,348] WARNING in error_handlers: Resource not found: 404 Not Found: The requested URL was not found on the server. If you entered the URL manually please check your spelling and try again.
[2026-08-12 10:35:16,757] INFO in shopping_agent: ShoppingAgent: basket reset — cart cleared.
[2026-08-12 10:35:16,871] INFO in api: Video saved to: C:\Users\G.SRINATH\OneDrive\Documents\Desktop\RETAIL-CHECKOUT-SYSTEM\backend\static\uploads\upload_46e3b8ef_Tablecoffee.mp4
[2026-08-12 10:35:16,947] INFO in api: Video: 1080x1920  25.00 fps  227 frames
[2026-08-12 10:35:17,445] INFO in tracking_service: DeepSORT tracker initialized successfully (embedder=MobileNet, max_age=30, n_init=3, cosine_dist=0.30)
[2026-08-12 10:35:17,445] INFO in shopping_agent: ShoppingAgent initialized (entry_confirm=3, exit_timeout=15 frames)
[2026-08-12 10:35:58,565] WARNING in error_handlers: Resource not found: 404 Not Found: The requested URL was not found on the server. If you entered the URL manually please check your spelling and try again.
[2026-08-12 10:36:25,439] INFO in shopping_agent: ShoppingAgent: basket reset — cart cleared.
[2026-08-28 09:17:07,125] INFO in __init__: Uploads directory verified: C:\Users\G.SRINATH\OneDrive\Documents\Desktop\RETAIL-CHECKOUT-SYSTEM\backend\static\uploads
[2026-08-28 09:17:12,154] INFO in detection_service: Loading custom YOLOv11 model from C:\Users\G.SRINATH\OneDrive\Documents\Desktop\RETAIL-CHECKOUT-SYSTEM\backend\best.pt...
[2026-08-28 09:17:12,285] INFO in detection_service: YOLOv11 model successfully loaded.
[2026-08-28 09:17:20,222] INFO in tracking_service: DeepSORT tracker initialized successfully (embedder=MobileNet, max_age=30, n_init=3, cosine_dist=0.30)
[2026-08-28 09:17:20,224] INFO in shopping_agent: ShoppingAgent initialized (entry_confirm=3, exit_timeout=15 frames)
[2026-08-28 09:17:20,254] INFO in __init__: SQLite Database initialized successfully.
[2026-08-28 09:17:20,256] INFO in run: Starting AI Smart Retail Checkout Flask Server on http://localhost:5000
[2026-08-28 09:17:22,841] INFO in __init__: Uploads directory verified: C:\Users\G.SRINATH\OneDrive\Documents\Desktop\RETAIL-CHECKOUT-SYSTEM\backend\static\uploads
[2026-08-28 09:17:35,112] INFO in detection_service: Loading custom YOLOv11 model from C:\Users\G.SRINATH\OneDrive\Documents\Desktop\RETAIL-CHECKOUT-SYSTEM\backend\best.pt...
[2026-08-28 09:17:35,354] INFO in detection_service: YOLOv11 model successfully loaded.
[2026-08-28 09:17:45,894] INFO in tracking_service: DeepSORT tracker initialized successfully (embedder=MobileNet, max_age=30, n_init=3, cosine_dist=0.30)
[2026-08-28 09:17:45,894] INFO in shopping_agent: ShoppingAgent initialized (entry_confirm=3, exit_timeout=15 frames)
[2026-08-28 09:17:45,908] INFO in __init__: SQLite Database initialized successfully.
[2026-08-28 09:17:45,909] INFO in run: Starting AI Smart Retail Checkout Flask Server on http://localhost:5000
[2026-08-28 09:19:27,478] INFO in shopping_agent: ShoppingAgent: basket reset — cart cleared.
[2026-08-28 09:19:27,622] INFO in api: Video saved to: C:\Users\G.SRINATH\OneDrive\Documents\Desktop\RETAIL-CHECKOUT-SYSTEM\backend\static\uploads\upload_93c77417_Tablecoffee.mp4
[2026-08-28 09:19:27,878] INFO in api: Video: 1080x1920  25.00 fps  227 frames
[2026-08-28 09:19:28,757] INFO in tracking_service: DeepSORT tracker initialized successfully (embedder=MobileNet, max_age=30, n_init=3, cosine_dist=0.30)
[2026-08-28 09:19:28,760] INFO in shopping_agent: ShoppingAgent initialized (entry_confirm=3, exit_timeout=15 frames)
[2026-08-28 09:21:12,216] WARNING in error_handlers: Resource not found: 404 Not Found: The requested URL was not found on the server. If you entered the URL manually please check your spelling and try again.
[2026-08-28 09:21:18,966] INFO in shopping_agent: ShoppingAgent: basket reset — cart cleared.
[2026-08-28 09:21:19,159] INFO in api: Video saved to: C:\Users\G.SRINATH\OneDrive\Documents\Desktop\RETAIL-CHECKOUT-SYSTEM\backend\static\uploads\upload_7f34606f_Tablecoffee.mp4
[2026-08-28 09:21:19,265] INFO in api: Video: 1080x1920  25.00 fps  227 frames
[2026-08-28 09:21:20,140] INFO in tracking_service: DeepSORT tracker initialized successfully (embedder=MobileNet, max_age=30, n_init=3, cosine_dist=0.30)
[2026-08-28 09:21:20,141] INFO in shopping_agent: ShoppingAgent initialized (entry_confirm=3, exit_timeout=15 frames)
[2026-08-28 09:24:45,325] WARNING in error_handlers: Resource not found: 404 Not Found: The requested URL was not found on the server. If you entered the URL manually please check your spelling and try again.
[2026-08-28 09:34:44,397] INFO in shopping_agent: ShoppingAgent: basket reset — cart cleared.
[2026-08-28 09:34:51,475] INFO in shopping_agent: ShoppingAgent: basket reset — cart cleared.
[2026-08-28 09:34:51,733] ERROR in error_handlers: API Error: Invalid format. Supported: MP4, AVI, MOV, WEBM. (Status 400)
[2026-08-28 09:34:54,820] INFO in shopping_agent: ShoppingAgent: basket reset — cart cleared.
[2026-08-28 09:48:09,283] INFO in shopping_agent: ShoppingAgent: basket reset — cart cleared.
[2026-08-28 09:51:10,168] INFO in shopping_agent: ShoppingAgent: basket reset — cart cleared.
[2026-08-28 09:51:10,258] INFO in api: Video saved to: C:\Users\G.SRINATH\OneDrive\Documents\Desktop\RETAIL-CHECKOUT-SYSTEM\backend\static\uploads\upload_d4d64b91_video.mp4
[2026-08-28 09:51:10,293] INFO in api: Video: 1280x720  24.00 fps  192 frames
[2026-08-28 09:51:10,482] INFO in tracking_service: DeepSORT tracker initialized successfully (embedder=MobileNet, max_age=30, n_init=3, cosine_dist=0.30)
[2026-08-28 09:51:10,482] INFO in shopping_agent: ShoppingAgent initialized (entry_confirm=3, exit_timeout=15 frames)
[2026-08-28 09:51:44,866] WARNING in error_handlers: Resource not found: 404 Not Found: The requested URL was not found on the server. If you entered the URL manually please check your spelling and try again.
[2026-08-28 09:55:18,399] INFO in shopping_agent: ShoppingAgent: basket reset — cart cleared.
[2026-09-21 18:53:38,163] INFO in __init__: Uploads directory verified: C:\Users\G.SRINATH\OneDrive\Documents\Desktop\RETAIL-CHECKOUT-SYSTEM\backend\static\uploads
[2026-09-21 18:53:42,792] INFO in detection_service: Loading custom YOLOv11 model from C:\Users\G.SRINATH\OneDrive\Documents\Desktop\RETAIL-CHECKOUT-SYSTEM\backend\best.pt...
[2026-09-21 18:53:42,900] INFO in detection_service: YOLOv11 model successfully loaded.
[2026-09-21 18:55:34,979] INFO in __init__: Uploads directory verified: C:\Users\G.SRINATH\OneDrive\Documents\Desktop\RETAIL-CHECKOUT-SYSTEM\backend\static\uploads
[2026-09-21 18:55:37,156] INFO in detection_service: Loading custom YOLOv11 model from C:\Users\G.SRINATH\OneDrive\Documents\Desktop\RETAIL-CHECKOUT-SYSTEM\backend\best.pt...
[2026-09-21 18:55:37,232] INFO in detection_service: YOLOv11 model successfully loaded.
[2026-09-21 18:55:38,507] INFO in tracking_service: DeepSORT tracker initialized successfully (embedder=MobileNet, max_age=30, n_init=3, cosine_dist=0.30)
[2026-09-21 18:55:38,507] INFO in shopping_agent: ShoppingAgent initialized (entry_confirm=2, exit_timeout=15 frames)
[2026-09-21 18:55:38,509] INFO in __init__: SQLite Database initialized successfully.
[2026-09-21 18:55:38,509] INFO in run: Starting AI Smart Retail Checkout Flask Server on http://localhost:5000
[2026-09-21 18:55:38,694] INFO in __init__: Uploads directory verified: C:\Users\G.SRINATH\OneDrive\Documents\Desktop\RETAIL-CHECKOUT-SYSTEM\backend\static\uploads
[2026-09-21 18:55:40,662] INFO in detection_service: Loading custom YOLOv11 model from C:\Users\G.SRINATH\OneDrive\Documents\Desktop\RETAIL-CHECKOUT-SYSTEM\backend\best.pt...
[2026-09-21 18:55:40,730] INFO in detection_service: YOLOv11 model successfully loaded.
[2026-09-21 18:55:41,500] INFO in tracking_service: DeepSORT tracker initialized successfully (embedder=MobileNet, max_age=30, n_init=3, cosine_dist=0.30)
[2026-09-21 18:55:41,500] INFO in shopping_agent: ShoppingAgent initialized (entry_confirm=2, exit_timeout=15 frames)
[2026-09-21 18:55:41,502] INFO in __init__: SQLite Database initialized successfully.
[2026-09-21 18:55:41,503] INFO in run: Starting AI Smart Retail Checkout Flask Server on http://localhost:5000
[2026-09-21 18:57:49,603] WARNING in error_handlers: Resource not found: 404 Not Found: The requested URL was not found on the server. If you entered the URL manually please check your spelling and try again.
[2026-09-21 19:03:30,266] INFO in __init__: Uploads directory verified: C:\Users\G.SRINATH\OneDrive\Documents\Desktop\RETAIL-CHECKOUT-SYSTEM\backend\static\uploads
[2026-09-21 19:03:33,035] INFO in detection_service: Loading custom YOLOv11 model from C:\Users\G.SRINATH\OneDrive\Documents\Desktop\RETAIL-CHECKOUT-SYSTEM\backend\best.pt...
[2026-09-21 19:03:33,163] INFO in detection_service: YOLOv11 model successfully loaded.
[2026-09-21 19:03:34,369] INFO in tracking_service: DeepSORT tracker initialized successfully (embedder=MobileNet, max_age=30, n_init=3, cosine_dist=0.30)
[2026-09-21 19:03:34,369] INFO in shopping_agent: ShoppingAgent initialized (entry_confirm=2, exit_timeout=15 frames)
[2026-09-21 19:03:34,371] INFO in __init__: SQLite Database initialized successfully.
[2026-09-21 19:03:34,372] INFO in run: Starting AI Smart Retail Checkout Flask Server on http://localhost:5000
[2026-09-21 19:04:08,528] INFO in __init__: Uploads directory verified: C:\Users\G.SRINATH\OneDrive\Documents\Desktop\RETAIL-CHECKOUT-SYSTEM\backend\static\uploads
[2026-09-21 19:04:10,873] INFO in detection_service: Loading custom YOLOv11 model from C:\Users\G.SRINATH\OneDrive\Documents\Desktop\RETAIL-CHECKOUT-SYSTEM\backend\best.pt...
[2026-09-21 19:04:10,953] INFO in detection_service: YOLOv11 model successfully loaded.
[2026-09-21 19:04:12,101] INFO in tracking_service: DeepSORT tracker initialized successfully (embedder=MobileNet, max_age=30, n_init=3, cosine_dist=0.30)
[2026-09-21 19:04:12,101] INFO in shopping_agent: ShoppingAgent initialized (entry_confirm=2, exit_timeout=15 frames)
[2026-09-21 19:04:12,104] INFO in __init__: SQLite Database initialized successfully.
[2026-09-21 19:04:12,105] INFO in run: Starting AI Smart Retail Checkout Flask Server on http://localhost:5000
[2026-09-21 19:04:12,291] INFO in __init__: Uploads directory verified: C:\Users\G.SRINATH\OneDrive\Documents\Desktop\RETAIL-CHECKOUT-SYSTEM\backend\static\uploads
[2026-09-21 19:04:14,459] INFO in detection_service: Loading custom YOLOv11 model from C:\Users\G.SRINATH\OneDrive\Documents\Desktop\RETAIL-CHECKOUT-SYSTEM\backend\best.pt...
[2026-09-21 19:04:14,533] INFO in detection_service: YOLOv11 model successfully loaded.
[2026-09-21 19:04:15,576] INFO in tracking_service: DeepSORT tracker initialized successfully (embedder=MobileNet, max_age=30, n_init=3, cosine_dist=0.30)
[2026-09-21 19:04:15,576] INFO in shopping_agent: ShoppingAgent initialized (entry_confirm=2, exit_timeout=15 frames)
[2026-09-21 19:04:15,579] INFO in __init__: SQLite Database initialized successfully.
[2026-09-21 19:04:15,579] INFO in run: Starting AI Smart Retail Checkout Flask Server on http://localhost:5000
[2026-09-21 19:04:41,680] WARNING in error_handlers: Resource not found: 404 Not Found: The requested URL was not found on the server. If you entered the URL manually please check your spelling and try again.
[2026-09-21 19:05:00,911] WARNING in error_handlers: Resource not found: 404 Not Found: The requested URL was not found on the server. If you entered the URL manually please check your spelling and try again.
[2026-09-21 19:05:00,970] WARNING in error_handlers: Resource not found: 404 Not Found: The requested URL was not found on the server. If you entered the URL manually please check your spelling and try again.
[2026-09-21 19:05:23,028] INFO in __init__: Uploads directory verified: C:\Users\G.SRINATH\OneDrive\Documents\Desktop\RETAIL-CHECKOUT-SYSTEM\backend\static\uploads
[2026-09-21 19:05:25,142] INFO in detection_service: Loading custom YOLOv11 model from C:\Users\G.SRINATH\OneDrive\Documents\Desktop\RETAIL-CHECKOUT-SYSTEM\backend\best.pt...
[2026-09-21 19:05:25,229] INFO in detection_service: YOLOv11 model successfully loaded.
[2026-09-21 19:05:26,370] INFO in tracking_service: DeepSORT tracker initialized successfully (embedder=MobileNet, max_age=30, n_init=3, cosine_dist=0.30)
[2026-09-21 19:05:26,371] INFO in shopping_agent: ShoppingAgent initialized (entry_confirm=2, exit_timeout=15 frames)
[2026-09-21 19:05:26,381] INFO in __init__: SQLite Database initialized successfully.
[2026-09-21 19:05:26,382] INFO in run: Starting AI Smart Retail Checkout Flask Server on http://localhost:5000
[2026-09-21 19:05:26,603] INFO in __init__: Uploads directory verified: C:\Users\G.SRINATH\OneDrive\Documents\Desktop\RETAIL-CHECKOUT-SYSTEM\backend\static\uploads
[2026-09-21 19:05:28,691] INFO in detection_service: Loading custom YOLOv11 model from C:\Users\G.SRINATH\OneDrive\Documents\Desktop\RETAIL-CHECKOUT-SYSTEM\backend\best.pt...
[2026-09-21 19:05:28,782] INFO in detection_service: YOLOv11 model successfully loaded.
[2026-09-21 19:05:29,580] INFO in tracking_service: DeepSORT tracker initialized successfully (embedder=MobileNet, max_age=30, n_init=3, cosine_dist=0.30)
[2026-09-21 19:05:29,580] INFO in shopping_agent: ShoppingAgent initialized (entry_confirm=2, exit_timeout=15 frames)
[2026-09-21 19:05:29,582] INFO in __init__: SQLite Database initialized successfully.
[2026-09-21 19:05:29,583] INFO in run: Starting AI Smart Retail Checkout Flask Server on http://localhost:5000
[2026-10-01 08:44:44,567] INFO in __init__: Uploads directory verified: C:\Users\G.SRINATH\OneDrive\Documents\Desktop\RETAIL-CHECKOUT-SYSTEM - CHATBOT\backend\static\uploads
[2026-10-01 08:44:51,880] INFO in detection_service: Loading custom YOLOv11 model from C:\Users\G.SRINATH\OneDrive\Documents\Desktop\RETAIL-CHECKOUT-SYSTEM - CHATBOT\backend\best.pt...
[2026-10-01 08:44:51,925] INFO in detection_service: YOLOv11 model successfully loaded.
[2026-10-01 08:44:52,248] INFO in tracking_service: DeepSORT tracker initialized successfully (embedder=MobileNet, max_age=30, n_init=3, cosine_dist=0.30)
[2026-10-01 08:44:52,248] INFO in shopping_agent: ShoppingAgent initialized (entry_confirm=2, exit_timeout=15 frames)
[2026-10-01 08:44:52,250] INFO in __init__: SQLite Database initialized successfully.
[2026-10-01 08:44:52,250] INFO in run: Starting AI Smart Retail Checkout Flask Server on http://localhost:5000
[2026-10-01 08:44:52,471] INFO in __init__: Uploads directory verified: C:\Users\G.SRINATH\OneDrive\Documents\Desktop\RETAIL-CHECKOUT-SYSTEM - CHATBOT\backend\static\uploads
[2026-10-01 08:44:55,143] INFO in detection_service: Loading custom YOLOv11 model from C:\Users\G.SRINATH\OneDrive\Documents\Desktop\RETAIL-CHECKOUT-SYSTEM - CHATBOT\backend\best.pt...
[2026-10-01 08:44:55,169] INFO in detection_service: YOLOv11 model successfully loaded.
[2026-10-01 08:44:55,382] INFO in tracking_service: DeepSORT tracker initialized successfully (embedder=MobileNet, max_age=30, n_init=3, cosine_dist=0.30)
[2026-10-01 08:44:55,383] INFO in shopping_agent: ShoppingAgent initialized (entry_confirm=2, exit_timeout=15 frames)
[2026-10-01 08:44:55,385] INFO in __init__: SQLite Database initialized successfully.
[2026-10-01 08:44:55,385] INFO in run: Starting AI Smart Retail Checkout Flask Server on http://localhost:5000
[2026-10-01 08:50:41,677] WARNING in error_handlers: Resource not found: 404 Not Found: The requested URL was not found on the server. If you entered the URL manually please check your spelling and try again.
[2026-10-01 08:50:41,709] WARNING in error_handlers: Resource not found: 404 Not Found: The requested URL was not found on the server. If you entered the URL manually please check your spelling and try again.
[2026-10-01 08:50:49,217] WARNING in error_handlers: Resource not found: 404 Not Found: The requested URL was not found on the server. If you entered the URL manually please check your spelling and try again.
[2026-10-01 08:51:20,057] WARNING in error_handlers: Method not allowed: 405 Method Not Allowed: The method is not allowed for the requested URL.
[2026-10-01 08:51:20,092] WARNING in error_handlers: Resource not found: 404 Not Found: The requested URL was not found on the server. If you entered the URL manually please check your spelling and try again.
[2026-10-01 08:54:08,990] INFO in __init__: Uploads directory verified: C:\Users\G.SRINATH\OneDrive\Documents\Desktop\RETAIL-CHECKOUT-SYSTEM - CHATBOT\backend\static\uploads
[2026-10-01 08:54:11,985] INFO in detection_service: Loading custom YOLOv11 model from C:\Users\G.SRINATH\OneDrive\Documents\Desktop\RETAIL-CHECKOUT-SYSTEM - CHATBOT\backend\best.pt...
[2026-10-01 08:54:12,012] INFO in detection_service: YOLOv11 model successfully loaded.
[2026-10-01 08:54:12,244] INFO in tracking_service: DeepSORT tracker initialized successfully (embedder=MobileNet, max_age=30, n_init=3, cosine_dist=0.30)
[2026-10-01 08:54:12,244] INFO in shopping_agent: ShoppingAgent initialized (entry_confirm=2, exit_timeout=15 frames)
[2026-10-01 08:54:12,246] INFO in __init__: SQLite Database initialized successfully.
[2026-10-01 08:54:12,247] INFO in run: Starting AI Smart Retail Checkout Flask Server on http://localhost:5000
[2026-10-01 08:54:16,091] INFO in __init__: Uploads directory verified: C:\Users\G.SRINATH\OneDrive\Documents\Desktop\RETAIL-CHECKOUT-SYSTEM - CHATBOT\backend\static\uploads
[2026-10-01 08:54:19,042] INFO in detection_service: Loading custom YOLOv11 model from C:\Users\G.SRINATH\OneDrive\Documents\Desktop\RETAIL-CHECKOUT-SYSTEM - CHATBOT\backend\best.pt...
[2026-10-01 08:54:19,104] INFO in detection_service: YOLOv11 model successfully loaded.
[2026-10-01 08:54:19,572] INFO in tracking_service: DeepSORT tracker initialized successfully (embedder=MobileNet, max_age=30, n_init=3, cosine_dist=0.30)
[2026-10-01 08:54:19,573] INFO in shopping_agent: ShoppingAgent initialized (entry_confirm=2, exit_timeout=15 frames)
[2026-10-01 08:54:19,577] INFO in __init__: SQLite Database initialized successfully.
[2026-10-01 08:54:19,577] INFO in run: Starting AI Smart Retail Checkout Flask Server on http://localhost:5000
[2026-10-01 08:54:35,845] INFO in __init__: Uploads directory verified: C:\Users\G.SRINATH\OneDrive\Documents\Desktop\RETAIL-CHECKOUT-SYSTEM - CHATBOT\backend\static\uploads
[2026-10-01 08:54:38,677] INFO in detection_service: Loading custom YOLOv11 model from C:\Users\G.SRINATH\OneDrive\Documents\Desktop\RETAIL-CHECKOUT-SYSTEM - CHATBOT\backend\best.pt...
[2026-10-01 08:54:38,701] INFO in detection_service: YOLOv11 model successfully loaded.
[2026-10-01 08:54:38,897] INFO in tracking_service: DeepSORT tracker initialized successfully (embedder=MobileNet, max_age=30, n_init=3, cosine_dist=0.30)
[2026-10-01 08:54:38,897] INFO in shopping_agent: ShoppingAgent initialized (entry_confirm=2, exit_timeout=15 frames)
[2026-10-01 08:54:38,899] INFO in __init__: SQLite Database initialized successfully.
[2026-10-01 08:54:38,900] INFO in run: Starting AI Smart Retail Checkout Flask Server on http://localhost:5000
[2026-10-01 08:54:39,074] INFO in __init__: Uploads directory verified: C:\Users\G.SRINATH\OneDrive\Documents\Desktop\RETAIL-CHECKOUT-SYSTEM - CHATBOT\backend\static\uploads
[2026-10-01 08:54:41,628] INFO in detection_service: Loading custom YOLOv11 model from C:\Users\G.SRINATH\OneDrive\Documents\Desktop\RETAIL-CHECKOUT-SYSTEM - CHATBOT\backend\best.pt...
[2026-10-01 08:54:41,653] INFO in detection_service: YOLOv11 model successfully loaded.
[2026-10-01 08:54:41,859] INFO in tracking_service: DeepSORT tracker initialized successfully (embedder=MobileNet, max_age=30, n_init=3, cosine_dist=0.30)
[2026-10-01 08:54:41,859] INFO in shopping_agent: ShoppingAgent initialized (entry_confirm=2, exit_timeout=15 frames)
[2026-10-01 08:54:41,862] INFO in __init__: SQLite Database initialized successfully.
[2026-10-01 08:54:41,862] INFO in run: Starting AI Smart Retail Checkout Flask Server on http://localhost:5000
[2026-10-01 08:55:29,864] WARNING in error_handlers: Resource not found: 404 Not Found: The requested URL was not found on the server. If you entered the URL manually please check your spelling and try again.
[2026-10-01 08:56:03,262] WARNING in error_handlers: Method not allowed: 405 Method Not Allowed: The method is not allowed for the requested URL.
[2026-10-01 08:59:18,570] INFO in __init__: Uploads directory verified: C:\Users\G.SRINATH\OneDrive\Documents\Desktop\RETAIL-CHECKOUT-SYSTEM - CHATBOT\backend\static\uploads
[2026-10-01 08:59:21,211] INFO in detection_service: Loading custom YOLOv11 model from C:\Users\G.SRINATH\OneDrive\Documents\Desktop\RETAIL-CHECKOUT-SYSTEM - CHATBOT\backend\best.pt...
[2026-10-01 08:59:21,237] INFO in detection_service: YOLOv11 model successfully loaded.
[2026-10-01 08:59:21,467] INFO in tracking_service: DeepSORT tracker initialized successfully (embedder=MobileNet, max_age=30, n_init=3, cosine_dist=0.30)
[2026-10-01 08:59:21,468] INFO in shopping_agent: ShoppingAgent initialized (entry_confirm=2, exit_timeout=15 frames)
[2026-10-01 08:59:21,476] INFO in __init__: SQLite Database initialized successfully.
[2026-10-01 08:59:21,476] INFO in run: Starting AI Smart Retail Checkout Flask Server on http://localhost:5000
